id,label,depth
1,BWC-037-1@00:02.586,596.5
2,BWC-037-2@00:05.064,596.499693
3,BWC-037-3@00:05.242,596.499343
4,BWC-037-4@00:05.444,596.499048
5,BWC-037-5@00:05.811,596.498718
6,BWC-037-6@00:05.983,596.498363
7,BWC-037-7@00:06.185,596.498057
8,BWC-037-8@00:07.429,596.497692
9,BWC-037-9@00:07.606,596.497442
10,BWC-037-10@00:08.118,596.497113
11,BWC-037-11@00:08.290,596.496749
12,BWC-037-12@00:08.546,596.496391
13,BWC-037-13@00:08.677,596.49606
14,BWC-037-14@00:14.536,596.495738
15,BWC-037-15@00:14.711,596.495408
16,BWC-037-16@00:14.884,596.495044
17,BWC-037-17@00:15.181,596.494689
18,BWC-037-18@00:15.343,596.494439
19,BWC-037-19@00:15.564,596.494109
20,BWC-037-20@00:23.058,596.493788
21,BWC-037-21@00:23.237,596.49347
22,BWC-037-22@00:23.494,596.493144
23,BWC-037-23@00:23.661,596.492814
24,BWC-037-24@00:55.904,596.492516
25,BWC-037-25@01:50.128,596.492183
26,BWC-037-26@01:51.179,596.491876
27,BWC-037-27@01:51.340,596.49158
28,BWC-037-28@01:51.599,596.491249
29,BWC-037-29@03:14.271,596.490955
30,BWC-037-30@03:14.524,596.490692
31,BWC-037-31@06:45.501,596.490367
32,BWC-037-32@06:45.648,596.490036
33,BWC-037-33@06:45.803,596.489714
34,BWC-037-34@06:45.959,596.489387
35,BWC-037-35@06:46.126,596.489056
36,BWC-037-36@06:46.296,596.48879
37,BWC-037-37@06:46.507,596.488473
38,BWC-037-38@07:28.026,596.488148
39,BWC-037-39@07:28.261,596.487817
40,BWC-037-40@07:28.362,596.487475
41,BWC-037-41@07:28.438,596.487177
42,BWC-037-42@07:28.518,596.486847
43,BWC-037-43@07:28.600,596.486516
44,BWC-037-44@07:28.691,596.486195
45,BWC-037-45@07:28.787,596.485865
46,BWC-037-46@07:28.877,596.485539
47,BWC-037-47@07:28.974,596.48524
48,BWC-037-48@07:30.195,596.48491
49,BWC-037-49@07:30.314,596.484579
50,BWC-037-50@07:30.423,596.484331
51,BWC-037-51@07:30.535,596.48407
52,BWC-037-52@07:30.649,596.48374
53,BWC-037-53@07:30.769,596.483431
54,BWC-037-54@07:30.884,596.483124
55,BWC-037-55@07:30.996,596.482794
56,BWC-037-56@07:31.089,596.482463
57,BWC-037-57@07:31.178,596.482133
58,BWC-037-58@07:31.348,596.481848
59,BWC-037-59@07:31.423,596.481507
60,BWC-037-60@07:31.499,596.481176
61,BWC-037-61@07:31.575,596.480846
62,BWC-037-62@07:31.650,596.480516
63,BWC-037-63@07:31.720,596.480185
64,BWC-037-64@07:31.792,596.479951
65,BWC-037-65@07:31.863,596.47962
66,BWC-037-66@07:31.934,596.479293
67,BWC-037-67@07:32.006,596.478974
68,BWC-037-68@07:32.077,596.478714
69,BWC-037-69@07:32.149,596.478414
70,BWC-037-70@07:32.219,596.478083
71,BWC-037-71@07:32.289,596.477755
72,BWC-037-72@07:32.360,596.477431
73,BWC-037-73@07:32.431,596.477094
74,BWC-037-74@07:32.501,596.476773
75,BWC-037-75@07:32.570,596.476443
76,BWC-037-76@07:32.638,596.476143
77,BWC-037-77@07:32.706,596.475813
78,BWC-037-78@07:32.772,596.475546
79,BWC-037-79@07:32.836,596.475216
80,BWC-037-80@07:32.898,596.474885
81,BWC-037-81@07:32.959,596.474554
82,BWC-037-82@07:33.020,596.474223
83,BWC-037-83@07:33.081,596.473973
84,BWC-037-84@07:33.140,596.473643
85,BWC-037-85@07:33.200,596.473313
86,BWC-037-86@07:33.260,596.472982
87,BWC-037-87@07:33.319,596.472714
88,BWC-037-88@07:33.435,596.472442
89,BWC-037-89@07:33.494,596.472112
90,BWC-037-90@07:33.553,596.471782
91,BWC-037-91@07:33.610,596.471451
92,BWC-037-92@07:33.667,596.471121
93,BWC-037-93@07:33.831,596.470791
94,BWC-037-94@07:33.885,596.47046
95,BWC-037-95@07:33.941,596.470086
96,BWC-037-96@07:33.996,596.46974
97,BWC-037-97@07:34.866,596.469467
98,BWC-037-98@07:34.929,596.469137
99,BWC-037-99@07:34.988,596.468808
100,BWC-037-100@07:35.043,596.468583
101,BWC-037-101@07:35.094,596.468317
102,BWC-037-102@07:35.144,596.468041
103,BWC-037-103@07:35.190,596.467722
104,BWC-037-104@07:35.235,596.467392
105,BWC-037-105@07:35.319,596.467061
106,BWC-037-106@07:35.359,596.466751
107,BWC-037-107@07:35.398,596.466455
108,BWC-037-108@07:35.436,596.466125
109,BWC-037-109@07:35.508,596.465819
110,BWC-037-110@07:35.543,596.465489
111,BWC-037-111@07:35.578,596.465257
112,BWC-037-112@07:35.611,596.464916
113,BWC-037-113@07:35.645,596.464586
114,BWC-037-114@07:35.678,596.464255
115,BWC-037-115@07:35.711,596.463937
116,BWC-037-116@07:35.743,596.463634
117,BWC-037-117@07:35.773,596.463303
118,BWC-037-118@07:35.805,596.462998
119,BWC-037-119@07:35.835,596.462743
120,BWC-037-120@07:42.221,596.462473
121,BWC-037-121@07:42.395,596.462234
122,BWC-037-122@07:42.936,596.461999
123,BWC-037-123@07:43.082,596.461669
124,BWC-037-124@07:43.252,596.461338
125,BWC-037-125@07:47.426,596.461038
126,BWC-037-126@07:47.590,596.460707
127,BWC-037-127@07:47.743,596.460436
128,BWC-037-128@07:47.882,596.46013
129,BWC-037-129@07:48.010,596.4598
130,BWC-037-130@08:29.058,596.45947
131,BWC-037-131@08:29.260,596.459139
132,BWC-037-132@08:29.457,596.458812
133,BWC-037-133@08:29.642,596.458482
134,BWC-037-134@08:29.957,596.458212
135,BWC-037-135@08:30.093,596.457881
136,BWC-037-136@08:30.225,596.457551
137,BWC-037-137@08:30.343,596.457262
138,BWC-037-138@08:30.457,596.456932
139,BWC-037-139@08:30.566,596.456713
140,BWC-037-140@08:30.785,596.456382
141,BWC-037-141@08:31.921,596.456052
142,BWC-037-142@08:32.218,596.455734
143,BWC-037-143@08:32.345,596.45539
144,BWC-037-144@08:32.471,596.455058
145,BWC-037-145@08:32.596,596.454787
146,BWC-037-146@08:32.716,596.454493
147,BWC-037-147@08:32.836,596.454185
148,BWC-037-148@08:32.956,596.453904
149,BWC-037-149@08:33.086,596.453599
150,BWC-037-150@08:33.215,596.453333
151,BWC-037-151@08:33.345,596.453003
152,BWC-037-152@08:33.475,596.452575
153,BWC-037-153@08:33.607,596.452274
154,BWC-037-154@08:33.742,596.452011
155,BWC-037-155@08:33.878,596.451681
156,BWC-037-156@08:34.016,596.451351
157,BWC-037-157@08:34.155,596.451079
158,BWC-037-158@08:34.294,596.450769
159,BWC-037-159@08:34.572,596.450454
160,BWC-037-160@08:34.704,596.450141
161,BWC-037-161@08:34.825,596.449847
162,BWC-037-162@08:34.946,596.449581
163,BWC-037-163@08:35.067,596.449251
164,BWC-037-164@08:35.228,596.448961
165,BWC-037-165@08:35.427,596.448678
166,BWC-037-166@08:35.642,596.448348
167,BWC-037-167@08:35.852,596.448016
168,BWC-037-168@08:36.049,596.447768
169,BWC-037-169@08:36.270,596.447481
170,BWC-037-170@08:36.494,596.447129
171,BWC-037-171@08:38.253,596.446799
172,BWC-037-172@08:38.409,596.446459
173,BWC-037-173@08:38.556,596.44616
174,BWC-037-174@08:38.686,596.44583
175,BWC-037-175@08:38.809,596.445499
176,BWC-037-176@08:38.935,596.445169
177,BWC-037-177@09:21.296,596.44489
178,BWC-037-178@09:21.472,596.444559
179,BWC-037-179@09:21.661,596.444302
180,BWC-037-180@09:21.838,596.444075
181,BWC-037-181@09:22.014,596.443732
182,BWC-037-182@09:22.195,596.443429
183,BWC-037-183@09:22.362,596.443211
184,BWC-037-184@09:22.540,596.442998
185,BWC-037-185@09:22.736,596.442668
186,BWC-037-186@09:22.908,596.442516
187,BWC-037-187@09:23.784,596.442186
188,BWC-037-188@09:23.944,596.442001
189,BWC-037-189@09:24.509,596.441637
190,BWC-037-190@09:24.678,596.441306
191,BWC-037-191@09:29.792,596.440976
192,BWC-037-192@09:29.920,596.440646
193,BWC-037-193@09:30.062,596.440329
194,BWC-037-194@09:30.374,596.439991
195,BWC-037-195@09:30.517,596.439678
196,BWC-037-196@09:30.664,596.439348
197,BWC-037-197@09:30.822,596.439107
198,BWC-037-198@09:33.361,596.438804
199,BWC-037-199@09:33.499,596.438474
200,BWC-037-200@09:33.622,596.438202
201,BWC-037-201@09:34.203,596.437872
202,BWC-037-202@09:54.580,596.437542
203,BWC-037-203@09:54.764,596.437211
204,BWC-037-204@10:05.825,596.436881
205,BWC-037-205@10:06.003,596.436594
206,BWC-037-206@10:07.625,596.436381
207,BWC-037-207@10:07.803,596.436089
208,BWC-037-208@10:20.350,596.435862
209,BWC-037-209@25:13.519,272.598814
210,BWC-037-210@25:13.683,272.598979
211,BWC-037-211@25:15.118,272.599208
212,BWC-037-212@25:15.287,272.599467
213,BWC-037-213@25:15.732,272.599661
214,BWC-037-214@25:15.885,272.59991
215,BWC-037-215@25:16.065,272.60016
216,BWC-037-216@25:45.675,272.600411
217,BWC-037-217@25:55.498,272.600586
218,BWC-037-218@25:55.672,272.600799
219,BWC-037-219@25:56.022,272.601024
220,BWC-037-220@25:56.187,272.60127
221,BWC-037-221@25:57.360,272.601579
222,BWC-037-222@25:57.533,272.601761
223,BWC-037-223@25:57.829,272.601954
224,BWC-037-224@25:57.999,272.602218
225,BWC-037-225@25:58.222,272.602468
226,BWC-037-226@26:30.725,272.602867
227,BWC-037-227@26:46.345,272.603019
228,BWC-037-228@26:46.519,272.603269
229,BWC-037-229@26:46.947,272.603519
230,BWC-037-230@26:47.099,272.603769
231,BWC-037-231@27:25.590,272.604019
232,BWC-037-232@27:25.760,272.604269
233,BWC-037-233@27:25.947,272.604519
234,BWC-037-234@27:26.492,272.604769
235,BWC-037-235@27:26.660,272.605019
236,BWC-037-236@27:26.836,272.605269
237,BWC-037-237@29:42.767,272.605519
238,BWC-037-238@29:42.950,272.605799
239,BWC-037-239@29:43.324,272.606048
240,BWC-037-240@29:43.494,272.606298
241,BWC-037-241@29:43.666,272.606548
242,BWC-037-242@29:44.587,272.606772
243,BWC-037-243@29:44.751,272.607078
244,BWC-037-244@29:46.914,272.607443
245,BWC-037-245@29:47.065,272.607693
246,BWC-037-246@29:47.368,272.607943
247,BWC-037-247@29:47.499,272.608193
248,BWC-037-248@29:47.655,272.608589
249,BWC-037-249@29:48.700,272.608858
250,BWC-037-250@29:48.829,272.609108
251,BWC-037-251@29:48.981,272.609358
252,BWC-037-252@29:49.149,272.609608
253,BWC-037-253@29:50.792,272.609858
254,BWC-037-254@29:50.908,272.610222
255,BWC-037-255@29:51.027,272.610553
256,BWC-037-256@29:51.139,272.610803
257,BWC-037-257@29:55.050,272.611053
258,BWC-037-258@29:55.162,272.611355
259,BWC-037-259@29:55.279,272.61175
260,BWC-037-260@29:55.556,272.612183
261,BWC-037-261@29:57.579,272.612579
262,BWC-037-262@29:57.767,272.612829
263,BWC-037-263@29:57.966,272.613187
264,BWC-037-264@29:58.156,272.613564
265,BWC-037-265@29:58.449,272.613814
266,BWC-037-266@29:58.588,272.614064
267,BWC-037-267@29:58.750,272.614314
268,BWC-037-268@29:58.912,272.614564
269,BWC-037-269@29:59.065,272.614814
270,BWC-037-270@29:59.224,272.615064
271,BWC-037-271@29:59.376,272.615314
272,BWC-037-272@29:59.524,272.615728
273,BWC-037-273@29:59.678,272.615978
274,BWC-037-274@29:59.834,272.616228
275,BWC-037-275@00:00.136,504.223819
276,BWC-037-276@00:00.273,504.224059
277,BWC-037-277@00:00.432,504.224299
278,BWC-037-278@00:00.571,504.224539
279,BWC-037-279@00:00.718,504.224779
280,BWC-037-280@00:00.851,504.225019
281,BWC-037-281@00:00.979,504.225259
282,BWC-037-282@00:01.108,504.225499
283,BWC-037-283@00:01.232,504.225739
284,BWC-037-284@00:01.361,504.226013
285,BWC-037-285@00:01.502,504.226195
286,BWC-037-286@00:01.629,504.226469
287,BWC-037-287@00:01.745,504.226709
288,BWC-037-288@00:01.862,504.226949
289,BWC-037-289@00:01.968,504.227189
290,BWC-037-290@00:02.067,504.227429
291,BWC-037-291@00:02.166,504.227703
292,BWC-037-292@00:02.570,504.227855
293,BWC-037-293@00:02.655,504.228114
294,BWC-037-294@00:02.767,504.228433
295,BWC-037-295@00:02.859,504.228673
296,BWC-037-296@00:02.955,504.228913
297,BWC-037-297@00:03.048,504.229153
298,BWC-037-298@00:03.148,504.229393
299,BWC-037-299@00:03.252,504.229633
300,BWC-037-300@00:03.354,504.229927
301,BWC-037-301@00:03.454,504.230167
302,BWC-037-302@00:03.552,504.230407
303,BWC-037-303@00:03.646,504.230647
304,BWC-037-304@00:03.741,504.230887
305,BWC-037-305@00:03.835,504.231127
306,BWC-037-306@00:03.933,504.231367
307,BWC-037-307@00:04.619,504.231559
308,BWC-037-308@00:04.741,504.231799
309,BWC-037-309@00:04.871,504.232039
310,BWC-037-310@00:05.009,504.232279
311,BWC-037-311@00:05.148,504.232519
312,BWC-037-312@00:05.278,504.232759
313,BWC-037-313@00:05.405,504.232999
314,BWC-037-314@00:05.541,504.233239
315,BWC-037-315@00:05.670,504.233479
316,BWC-037-316@00:05.799,504.233719
317,BWC-037-317@00:05.921,504.233959
318,BWC-037-318@00:06.047,504.234199
319,BWC-037-319@00:06.161,504.234439
320,BWC-037-320@00:06.261,504.234679
321,BWC-037-321@00:06.362,504.234919
322,BWC-037-322@00:06.468,504.235159
323,BWC-037-323@00:06.569,504.235399
324,BWC-037-324@00:06.676,504.235639
325,BWC-037-325@00:06.785,504.235869
326,BWC-037-326@00:06.907,504.236163
327,BWC-037-327@00:07.040,504.236343
328,BWC-037-328@00:07.159,504.236637
329,BWC-037-329@00:07.274,504.236877
330,BWC-037-330@00:07.392,504.237117
331,BWC-037-331@00:08.955,504.237357
332,BWC-037-332@00:09.050,504.237664
333,BWC-037-333@00:09.153,504.237919
334,BWC-037-334@00:09.257,504.238159
335,BWC-037-335@00:09.360,504.238399
336,BWC-037-336@00:36.084,504.238612
337,BWC-037-337@00:36.223,504.238967
338,BWC-037-338@00:36.373,504.239333
339,BWC-037-339@00:37.916,504.239634
340,BWC-037-340@00:38.080,504.239874
341,BWC-037-341@00:38.251,504.240114
342,BWC-037-342@00:38.525,504.240354
343,BWC-037-343@00:38.683,504.240594
344,BWC-037-344@00:38.846,504.240834
345,BWC-037-345@00:39.020,504.241074
346,BWC-037-346@00:39.291,504.241314
347,BWC-037-347@00:39.451,504.241554
348,BWC-037-348@00:39.621,504.241794
349,BWC-037-349@00:41.485,504.242034
350,BWC-037-350@00:41.609,504.242324
351,BWC-037-351@00:41.728,504.242624
352,BWC-037-352@00:41.848,504.242864
353,BWC-037-353@00:41.961,504.243104
354,BWC-037-354@00:48.035,504.243386
355,BWC-037-355@00:48.145,504.243626
356,BWC-037-356@00:48.927,504.243866
357,BWC-037-357@00:49.050,504.244106
358,BWC-037-358@00:49.172,504.244346
359,BWC-037-359@00:59.807,504.244691
360,BWC-037-360@00:59.960,504.244931
361,BWC-037-361@01:00.125,504.24527
362,BWC-037-362@01:01.050,504.24551
363,BWC-037-363@01:01.213,504.24575
364,BWC-037-364@01:01.381,504.24599
365,BWC-037-365@01:01.651,504.24623
366,BWC-037-366@01:01.806,504.24647
367,BWC-037-367@01:01.977,504.24671
368,BWC-037-368@01:02.151,504.24695
369,BWC-037-369@01:02.415,504.24727
370,BWC-037-370@01:05.185,504.247577
371,BWC-037-371@01:05.317,504.24782
372,BWC-037-372@01:05.515,504.248076
373,BWC-037-373@01:05.762,504.248421
374,BWC-037-374@01:06.025,504.24869
375,BWC-037-375@01:06.132,504.24893
376,BWC-037-376@01:18.395,504.249198
377,BWC-037-377@01:18.551,504.249518
378,BWC-037-378@01:18.711,504.249758
379,BWC-037-379@01:19.708,504.249998
380,BWC-037-380@01:19.907,504.250238
381,BWC-037-381@01:20.423,504.250507
382,BWC-037-382@01:20.598,504.250747
383,BWC-037-383@01:20.780,504.251092
384,BWC-037-384@01:21.076,504.251332
385,BWC-037-385@01:21.236,504.251572
386,BWC-037-386@01:21.403,504.251812
387,BWC-037-387@01:21.578,504.252052
388,BWC-037-388@01:21.802,504.252292
389,BWC-037-389@01:21.966,504.252532
390,BWC-037-390@01:22.140,504.252772
391,BWC-037-391@01:23.712,504.253028
392,BWC-037-392@01:23.873,504.253233
393,BWC-037-393@01:24.881,504.253552
394,BWC-037-394@01:25.073,504.253847
395,BWC-037-395@01:25.884,504.254064
396,BWC-037-396@01:26.013,504.25432
397,BWC-037-397@01:26.136,504.254563
398,BWC-037-398@01:26.261,504.254831
399,BWC-037-399@01:27.119,504.255049
400,BWC-037-400@01:33.769,504.255228
401,BWC-037-401@01:37.175,504.25542
402,BWC-037-402@01:37.325,504.255753
403,BWC-037-403@01:37.473,504.255993
404,BWC-037-404@01:37.620,504.256233
405,BWC-037-405@01:37.765,504.256473
406,BWC-037-406@01:37.908,504.256713
407,BWC-037-407@01:38.051,504.256879
408,BWC-037-408@01:38.196,504.257119
409,BWC-037-409@01:38.336,504.257359
410,BWC-037-410@01:38.481,504.257615
411,BWC-037-411@01:39.557,504.257807
412,BWC-037-412@01:39.714,504.25805
413,BWC-037-413@01:39.870,504.25828
414,BWC-037-414@01:40.027,504.25852
415,BWC-037-415@01:40.186,504.258814
416,BWC-037-416@01:40.349,504.25898
417,BWC-037-417@01:41.649,504.25922
418,BWC-037-418@01:41.773,504.25946
419,BWC-037-419@01:41.914,504.2597
420,BWC-037-420@01:42.063,504.25994
421,BWC-037-421@01:42.204,504.26018
422,BWC-037-422@01:42.348,504.26042
423,BWC-037-423@01:42.486,504.26066
424,BWC-037-424@01:42.624,504.2609
425,BWC-037-425@01:42.774,504.26114
426,BWC-037-426@01:42.912,504.26138
427,BWC-037-427@01:45.311,504.26162
428,BWC-037-428@01:45.452,504.26186
429,BWC-037-429@01:45.598,504.2621
430,BWC-037-430@01:45.737,504.26234
431,BWC-037-431@01:45.880,504.26258
432,BWC-037-432@01:46.020,504.26282
433,BWC-037-433@01:46.156,504.26306
434,BWC-037-434@01:46.291,504.2633
435,BWC-037-435@01:46.423,504.26354
436,BWC-037-436@01:46.554,504.26378
437,BWC-037-437@01:46.687,504.26402
438,BWC-037-438@01:46.820,504.26426
439,BWC-037-439@01:46.953,504.2645
440,BWC-037-440@01:47.087,504.26474
441,BWC-037-441@01:47.222,504.26498
442,BWC-037-442@01:47.356,504.26522
443,BWC-037-443@01:47.496,504.26546
444,BWC-037-444@01:47.641,504.265678
445,BWC-037-445@01:47.798,504.265918
446,BWC-037-446@01:47.957,504.266013
447,BWC-037-447@01:48.120,504.266253
448,BWC-037-448@01:48.280,504.266425
449,BWC-037-449@01:48.512,504.266665
450,BWC-037-450@01:48.711,504.266792
451,BWC-037-451@01:48.941,504.266946
452,BWC-037-452@01:49.208,504.267109
453,BWC-037-453@01:50.277,504.267226
454,BWC-037-454@01:50.397,504.267466
455,BWC-037-455@01:50.544,504.267684
456,BWC-037-456@01:50.685,504.267924
457,BWC-037-457@01:50.818,504.268164
458,BWC-037-458@01:50.952,504.268404
459,BWC-037-459@01:51.079,504.268644
460,BWC-037-460@01:51.210,504.268883
461,BWC-037-461@01:51.339,504.269124
462,BWC-037-462@01:51.474,504.269364
463,BWC-037-463@01:51.608,504.269604
464,BWC-037-464@01:51.745,504.269848
465,BWC-037-465@01:51.889,504.270119
466,BWC-037-466@01:52.090,504.270282
467,BWC-037-467@01:52.249,504.270436
468,BWC-037-468@01:52.396,504.270617
469,BWC-037-469@01:52.543,504.270798
470,BWC-037-470@01:52.690,504.271006
471,BWC-037-471@01:52.837,504.27116
472,BWC-037-472@01:55.239,504.271368
473,BWC-037-473@01:55.395,504.271648
474,BWC-037-474@01:56.758,504.271901
475,BWC-037-475@01:56.930,504.2721
476,BWC-037-476@01:57.832,504.272318
477,BWC-037-477@02:01.999,504.272535
478,BWC-037-478@02:10.329,504.272752
479,BWC-037-479@02:10.527,504.272987
480,BWC-037-480@02:10.722,504.273227
481,BWC-037-481@02:10.913,504.273467
482,BWC-037-482@02:11.085,504.273707
483,BWC-037-483@02:11.255,504.273947
484,BWC-037-484@02:11.411,504.274187
485,BWC-037-485@02:11.571,504.274332
486,BWC-037-486@02:11.728,504.274513
487,BWC-037-487@02:11.880,504.274753
488,BWC-037-488@02:12.031,504.274993
489,BWC-037-489@02:12.384,504.275233
490,BWC-037-490@02:12.549,504.275473
491,BWC-037-491@02:12.691,504.275713
492,BWC-037-492@02:12.835,504.275953
493,BWC-037-493@02:12.982,504.276193
494,BWC-037-494@02:13.124,504.276433
495,BWC-037-495@02:13.256,504.276673
496,BWC-037-496@02:13.386,504.276913
497,BWC-037-497@02:13.515,504.277153
498,BWC-037-498@02:13.639,504.277393
499,BWC-037-499@02:13.771,504.277633
500,BWC-037-500@02:13.903,504.277873
501,BWC-037-501@02:14.041,504.278113
502,BWC-037-502@02:14.277,504.278353
503,BWC-037-503@02:14.457,504.278593
504,BWC-037-504@02:14.634,504.278833
505,BWC-037-505@02:14.831,504.279073
506,BWC-037-506@02:15.506,504.279313
507,BWC-037-507@02:15.647,504.279553
508,BWC-037-508@02:17.675,504.279743
509,BWC-037-509@02:19.639,504.27996
510,BWC-037-510@02:19.765,504.280141
511,BWC-037-511@02:19.890,504.280331
512,BWC-037-512@02:20.017,504.280557
513,BWC-037-513@02:20.140,504.280763
514,BWC-037-514@02:20.268,504.28101
515,BWC-037-515@02:20.396,504.281215
516,BWC-037-516@02:20.526,504.281451
517,BWC-037-517@02:20.658,504.281691
518,BWC-037-518@02:20.790,504.281931
519,BWC-037-519@02:20.926,504.282171
520,BWC-037-520@02:21.062,504.282411
521,BWC-037-521@02:21.202,504.282651
522,BWC-037-522@02:21.740,504.28291
523,BWC-037-523@02:21.909,504.28315
524,BWC-037-524@02:22.091,504.28339
525,BWC-037-525@02:22.282,504.28363
526,BWC-037-526@02:22.472,504.28387
527,BWC-037-527@02:23.565,504.28411
528,BWC-037-528@02:23.689,504.28435
529,BWC-037-529@02:23.834,504.28459
530,BWC-037-530@02:23.983,504.28483
531,BWC-037-531@02:24.180,504.28507
532,BWC-037-532@02:24.302,504.28531
533,BWC-037-533@02:24.428,504.28555
534,BWC-037-534@02:24.558,504.28579
535,BWC-037-535@02:24.687,504.28603
536,BWC-037-536@02:24.817,504.28627
537,BWC-037-537@02:24.939,504.286425
538,BWC-037-538@02:25.063,504.286665
539,BWC-037-539@02:25.188,504.286905
540,BWC-037-540@02:25.313,504.287145
541,BWC-037-541@02:25.442,504.287385
542,BWC-037-542@02:25.568,504.287625
543,BWC-037-543@02:25.699,504.287865
544,BWC-037-544@02:25.834,504.288105
545,BWC-037-545@02:25.990,504.288345
546,BWC-037-546@02:26.150,504.288585
547,BWC-037-547@02:28.917,504.288726
548,BWC-037-548@02:29.035,504.288841
549,BWC-037-549@02:29.152,504.289071
550,BWC-037-550@02:29.274,504.289311
551,BWC-037-551@02:29.394,504.289551
552,BWC-037-552@02:29.516,504.289791
553,BWC-037-553@02:29.639,504.290031
554,BWC-037-554@02:29.766,504.290271
555,BWC-037-555@02:29.896,504.290511
556,BWC-037-556@02:30.048,504.290751
557,BWC-037-557@02:30.209,504.290991
558,BWC-037-558@02:30.348,504.291231
559,BWC-037-559@02:30.475,504.291471
560,BWC-037-560@02:30.598,504.291711
561,BWC-037-561@02:30.727,504.291967
562,BWC-037-562@02:30.870,504.292207
563,BWC-037-563@02:31.019,504.292447
564,BWC-037-564@02:41.933,504.292687
565,BWC-037-565@02:42.152,504.292927
566,BWC-037-566@02:42.366,504.293167
567,BWC-037-567@02:42.552,504.293407
568,BWC-037-568@02:42.724,504.293647
569,BWC-037-569@02:42.884,504.293887
570,BWC-037-570@02:43.039,504.294127
571,BWC-037-571@02:43.189,504.294367
572,BWC-037-572@02:43.334,504.294607
573,BWC-037-573@02:43.477,504.294872
574,BWC-037-574@02:43.614,504.295112
575,BWC-037-575@02:43.761,504.295352
576,BWC-037-576@02:43.899,504.295592
577,BWC-037-577@02:44.034,504.295832
578,BWC-037-578@02:44.169,504.296072
579,BWC-037-579@02:44.300,504.296312
580,BWC-037-580@02:44.433,504.296552
581,BWC-037-581@02:44.560,504.296792
582,BWC-037-582@02:44.684,504.297032
583,BWC-037-583@02:44.808,504.297272
584,BWC-037-584@02:44.933,504.297512
585,BWC-037-585@02:45.059,504.297752
586,BWC-037-586@02:45.188,504.297992
587,BWC-037-587@02:45.721,504.298232
588,BWC-037-588@02:45.938,504.298472
589,BWC-037-589@02:46.132,504.298712
590,BWC-037-590@02:46.317,504.298952
591,BWC-037-591@02:46.568,504.299192
592,BWC-037-592@02:46.808,504.299432
593,BWC-037-593@02:47.102,504.299672
594,BWC-037-594@02:47.364,504.299912
595,BWC-037-595@02:47.624,504.300152
596,BWC-037-596@02:47.898,504.300392
597,BWC-037-597@02:48.046,504.300632
598,BWC-037-598@02:48.190,504.300872
599,BWC-037-599@02:48.327,504.301064
600,BWC-037-600@02:51.650,504.301304
601,BWC-037-601@02:51.806,504.301544
602,BWC-037-602@02:51.957,504.301774
603,BWC-037-603@02:52.102,504.302014
604,BWC-037-604@02:52.243,504.302254
605,BWC-037-605@02:52.377,504.302494
606,BWC-037-606@02:52.507,504.302734
607,BWC-037-607@02:52.857,504.302974
608,BWC-037-608@02:53.059,504.303214
609,BWC-037-609@02:53.295,504.303454
610,BWC-037-610@02:53.496,504.303694
611,BWC-037-611@02:53.665,504.303934
612,BWC-037-612@02:53.817,504.304174
613,BWC-037-613@02:53.972,504.304414
614,BWC-037-614@02:54.117,504.304654
615,BWC-037-615@02:54.247,504.304894
616,BWC-037-616@02:54.385,504.305134
617,BWC-037-617@02:54.658,504.305374
618,BWC-037-618@02:55.996,504.30554
619,BWC-037-619@02:56.211,504.30578
620,BWC-037-620@02:56.420,504.30602
621,BWC-037-621@02:56.646,504.30626
622,BWC-037-622@02:56.838,504.3065
623,BWC-037-623@02:57.049,504.30674
624,BWC-037-624@02:57.271,504.30698
625,BWC-037-625@02:57.456,504.30722
626,BWC-037-626@02:57.642,504.30746
627,BWC-037-627@02:57.781,504.3077
628,BWC-037-628@02:57.934,504.30794
629,BWC-037-629@02:58.078,504.308138
630,BWC-037-630@02:58.188,504.308351
631,BWC-037-631@02:59.354,504.308594
632,BWC-037-632@02:59.509,504.308835
633,BWC-037-633@02:59.715,504.309074
634,BWC-037-634@02:59.875,504.309314
635,BWC-037-635@03:00.029,504.309554
636,BWC-037-636@03:00.197,504.309794
637,BWC-037-637@03:00.646,504.310114
638,BWC-037-638@03:00.836,504.310354
639,BWC-037-639@03:01.027,504.310594
640,BWC-037-640@03:01.306,504.310834
641,BWC-037-641@03:01.544,504.311074
642,BWC-037-642@03:01.697,504.311314
643,BWC-037-643@03:01.866,504.311554
644,BWC-037-644@03:02.047,504.311794
645,BWC-037-645@03:02.288,504.312034
646,BWC-037-646@03:02.510,504.312274
647,BWC-037-647@03:02.746,504.312514
648,BWC-037-648@03:02.901,504.312754
649,BWC-037-649@03:04.108,504.312994
650,BWC-037-650@03:04.319,504.313234
651,BWC-037-651@03:04.419,504.313474
652,BWC-037-652@03:04.534,504.313714
653,BWC-037-653@03:24.280,504.313954
654,BWC-037-654@03:24.386,504.314194
655,BWC-037-655@03:24.520,504.314434
656,BWC-037-656@03:24.657,504.314674
657,BWC-037-657@03:24.788,504.314914
658,BWC-037-658@03:27.735,504.315154
659,BWC-037-659@03:27.857,504.315276
660,BWC-037-660@03:27.979,504.315516
661,BWC-037-661@03:28.099,504.315756
662,BWC-037-662@03:28.227,504.315996
663,BWC-037-663@03:31.796,504.316236
664,BWC-037-664@03:31.994,504.316476
665,BWC-037-665@03:32.115,504.316716
666,BWC-037-666@03:32.236,504.316956
667,BWC-037-667@03:32.357,504.317196
668,BWC-037-668@03:32.475,504.317436
669,BWC-037-669@03:32.597,504.31774
670,BWC-037-670@03:32.725,504.318074
671,BWC-037-671@03:32.858,504.318318
672,BWC-037-672@04:29.575,504.318561
673,BWC-037-673@04:30.029,504.318791
674,BWC-037-674@04:30.213,504.319031
675,BWC-037-675@04:30.381,504.319271
676,BWC-037-676@04:30.551,504.319489
677,BWC-037-677@05:14.090,504.319694
678,BWC-037-678@05:14.183,504.319822
679,BWC-037-679@05:14.278,504.320052
680,BWC-037-680@05:14.371,504.320269
681,BWC-037-681@05:14.467,504.320525
682,BWC-037-682@05:14.562,504.320883
683,BWC-037-683@05:14.662,504.321125
684,BWC-037-684@05:22.836,504.321365
685,BWC-037-685@05:22.930,504.32167
686,BWC-037-686@05:23.027,504.321914
687,BWC-037-687@05:23.132,504.322188
688,BWC-037-688@05:23.529,504.322477
689,BWC-037-689@05:23.626,504.322717
690,BWC-037-690@05:23.724,504.322957
691,BWC-037-691@05:23.830,504.323197
692,BWC-037-692@05:23.933,504.323437
693,BWC-037-693@05:24.043,504.323893
694,BWC-037-694@05:24.168,504.324258
695,BWC-037-695@05:24.548,504.324425
696,BWC-037-696@05:33.194,504.324608
697,BWC-037-697@05:33.310,504.324848
698,BWC-037-698@05:33.453,504.325122
699,BWC-037-699@05:33.604,504.325362
700,BWC-037-700@05:33.754,504.325602
701,BWC-037-701@05:33.901,504.325842
702,BWC-037-702@05:34.044,504.326082
703,BWC-037-703@05:34.188,504.326322
704,BWC-037-704@05:34.334,504.326562
705,BWC-037-705@05:35.387,504.326802
706,BWC-037-706@05:35.473,504.327042
707,BWC-037-707@05:35.550,504.327282
708,BWC-037-708@05:35.576,504.327522
709,BWC-037-709@05:35.696,504.327762
710,BWC-037-710@05:35.718,504.328002
711,BWC-037-711@05:35.890,504.328242
712,BWC-037-712@05:36.064,504.328402
713,BWC-037-713@05:36.238,504.328642
714,BWC-037-714@05:36.418,504.328882
715,BWC-037-715@05:36.594,504.329122
716,BWC-037-716@05:36.772,504.329362
717,BWC-037-717@05:36.985,504.329602
718,BWC-037-718@05:37.207,504.329842
719,BWC-037-719@05:37.437,504.330082
720,BWC-037-720@05:38.134,504.330254
721,BWC-037-721@05:38.229,504.330487
722,BWC-037-722@05:38.333,504.330786
723,BWC-037-723@05:38.465,504.331093
724,BWC-037-724@05:51.050,504.331239
725,BWC-037-725@05:51.166,504.331393
726,BWC-037-726@05:51.283,504.331598
727,BWC-037-727@05:51.404,504.331941
728,BWC-037-728@05:51.517,504.332245
729,BWC-037-729@05:51.632,504.332485
730,BWC-037-730@05:51.750,504.332789
731,BWC-037-731@05:51.870,504.333085
732,BWC-037-732@05:51.988,504.333325
733,BWC-037-733@05:52.107,504.333591
734,BWC-037-734@05:52.228,504.33382
735,BWC-037-735@05:55.563,504.33401
736,BWC-037-736@05:55.677,504.334238
737,BWC-037-737@05:55.792,504.334478
738,BWC-037-738@05:55.903,504.334718
739,BWC-037-739@05:56.016,504.334958
740,BWC-037-740@05:56.128,504.335198
741,BWC-037-741@06:04.513,504.335438
742,BWC-037-742@06:04.746,504.335678
743,BWC-037-743@06:05.002,504.335918
744,BWC-037-744@06:05.249,504.336207
745,BWC-037-745@06:05.490,504.336447
746,BWC-037-746@06:08.815,504.336751
747,BWC-037-747@06:10.586,504.336991
748,BWC-037-748@06:10.934,504.337151
749,BWC-037-749@06:11.059,504.33728
750,BWC-037-750@06:17.262,504.337501
751,BWC-037-751@06:17.850,504.337619
752,BWC-037-752@06:17.997,504.337759
753,BWC-037-753@06:18.140,504.337927
754,BWC-037-754@06:18.293,504.338094
755,BWC-037-755@06:18.447,504.338279
756,BWC-037-756@06:18.447,504.33852
757,BWC-037-757@06:18.603,504.338733
758,BWC-037-758@06:18.756,504.338973
759,BWC-037-759@06:18.847,504.339213
760,BWC-037-760@06:18.913,504.339385
761,BWC-037-761@06:19.070,504.339625
762,BWC-037-762@06:19.228,504.339865
763,BWC-037-763@06:19.386,504.340105
764,BWC-037-764@06:19.539,504.340345
765,BWC-037-765@06:19.694,504.340585
766,BWC-037-766@06:19.843,504.340825
767,BWC-037-767@06:19.994,504.341065
768,BWC-037-768@06:20.146,504.341305
769,BWC-037-769@06:20.298,504.341545
770,BWC-037-770@06:20.448,504.341785
771,BWC-037-771@06:20.595,504.341939
772,BWC-037-772@06:20.742,504.342115
773,BWC-037-773@06:20.888,504.342283
774,BWC-037-774@06:21.180,504.342414
775,BWC-037-775@06:21.327,504.342536
776,BWC-037-776@06:21.471,504.342663
777,BWC-037-777@06:21.620,504.342776
778,BWC-037-778@06:21.766,504.342953
779,BWC-037-779@06:21.916,504.343041
780,BWC-037-780@06:22.065,504.34319
781,BWC-037-781@06:22.211,504.34343
782,BWC-037-782@06:22.361,504.343577
783,BWC-037-783@06:22.511,504.34373
784,BWC-037-784@06:22.657,504.343865
785,BWC-037-785@06:22.800,504.343993
786,BWC-037-786@06:22.948,504.344233
787,BWC-037-787@06:23.101,504.344473
788,BWC-037-788@06:23.254,504.344659
789,BWC-037-789@06:23.402,504.344825
790,BWC-037-790@06:23.554,504.34503
791,BWC-037-791@06:23.706,504.34527
792,BWC-037-792@06:23.858,504.34551
793,BWC-037-793@06:24.008,504.34575
794,BWC-037-794@06:24.160,504.34599
795,BWC-037-795@06:24.314,504.34623
796,BWC-037-796@06:24.462,504.346364
797,BWC-037-797@06:24.617,504.346604
798,BWC-037-798@06:24.770,504.346841
799,BWC-037-799@06:24.822,504.347081
800,BWC-037-800@06:24.934,504.347321
801,BWC-037-801@06:25.068,504.347499
802,BWC-037-802@06:25.211,504.347739
803,BWC-037-803@06:25.356,504.347979
804,BWC-037-804@06:25.514,504.348219
805,BWC-037-805@06:25.665,504.348459
806,BWC-037-806@06:25.826,504.348699
807,BWC-037-807@06:25.985,504.348939
808,BWC-037-808@06:26.151,504.349179
809,BWC-037-809@06:26.330,504.349419
810,BWC-037-810@06:26.505,504.349659
811,BWC-037-811@06:26.685,504.349899
812,BWC-037-812@06:26.871,504.350139
813,BWC-037-813@06:27.060,504.350379
814,BWC-037-814@06:27.205,504.35054
815,BWC-037-815@06:27.355,504.350675
816,BWC-037-816@06:27.505,504.350825
817,BWC-037-817@06:27.654,504.350997
818,BWC-037-818@06:27.806,504.351148
819,BWC-037-819@06:27.955,504.351331
820,BWC-037-820@06:28.106,504.351571
821,BWC-037-821@06:28.257,504.351811
822,BWC-037-822@06:28.403,504.352051
823,BWC-037-823@06:28.551,504.352291
824,BWC-037-824@06:28.697,504.352531
825,BWC-037-825@06:28.842,504.352736
826,BWC-037-826@06:28.986,504.352956
827,BWC-037-827@06:29.135,504.353166
828,BWC-037-828@06:29.277,504.353333
829,BWC-037-829@06:29.418,504.353473
830,BWC-037-830@06:29.560,504.353699
831,BWC-037-831@06:29.704,504.353903
832,BWC-037-832@06:29.849,504.354086
833,BWC-037-833@06:29.996,504.354269
834,BWC-037-834@06:30.144,504.354414
835,BWC-037-835@06:30.293,504.354581
836,BWC-037-836@06:30.443,504.354726
837,BWC-037-837@06:30.594,504.354861
838,BWC-037-838@06:30.743,504.355022
839,BWC-037-839@06:30.899,504.355184
840,BWC-037-840@06:31.050,504.355276
841,BWC-037-841@06:31.207,504.355442
842,BWC-037-842@06:31.357,504.355602
843,BWC-037-843@06:31.507,504.355807
844,BWC-037-844@06:31.660,504.356056
845,BWC-037-845@06:31.809,504.356261
846,BWC-037-846@06:31.955,504.356504
847,BWC-037-847@06:32.107,504.356728
848,BWC-037-848@06:32.258,504.356913
849,BWC-037-849@06:32.407,504.35715
850,BWC-037-850@06:32.560,504.35739
851,BWC-037-851@06:32.709,504.35763
852,BWC-037-852@06:32.856,504.35787
853,BWC-037-853@06:32.999,504.35811
854,BWC-037-854@06:33.143,504.35835
855,BWC-037-855@06:33.286,504.35859
856,BWC-037-856@06:33.428,504.35883
857,BWC-037-857@06:33.570,504.359028
858,BWC-037-858@06:33.712,504.359271
859,BWC-037-859@06:33.849,504.359502
860,BWC-037-860@06:33.989,504.359757
861,BWC-037-861@06:34.127,504.360007
862,BWC-037-862@06:34.264,504.360247
863,BWC-037-863@06:34.400,504.360487
864,BWC-037-864@06:34.569,504.360727
865,BWC-037-865@06:34.724,504.360967
866,BWC-037-866@06:34.866,504.361207
867,BWC-037-867@06:35.008,504.361399
868,BWC-037-868@06:35.711,504.36159
869,BWC-037-869@06:36.890,504.361712
870,BWC-037-870@06:37.018,504.361917
871,BWC-037-871@06:37.670,504.362096
872,BWC-037-872@06:37.878,504.362301
873,BWC-037-873@06:38.252,504.362429
874,BWC-037-874@06:38.434,504.362669
875,BWC-037-875@06:38.633,504.362909
876,BWC-037-876@06:38.836,504.363254
877,BWC-037-877@06:39.045,504.363497
878,BWC-037-878@06:39.365,504.363759
879,BWC-037-879@06:39.445,504.363957
880,BWC-037-880@06:39.677,504.364162
881,BWC-037-881@06:42.414,504.364373
882,BWC-037-882@06:42.595,504.364559
883,BWC-037-883@06:42.989,504.364751
884,BWC-037-884@06:43.217,504.364879
885,BWC-037-885@06:43.358,504.365119
886,BWC-037-886@06:43.491,504.365359
887,BWC-037-887@06:43.622,504.365599
888,BWC-037-888@06:43.755,504.365839
889,BWC-037-889@06:43.882,504.366079
890,BWC-037-890@06:44.014,504.366319
891,BWC-037-891@06:44.143,504.366559
892,BWC-037-892@06:44.272,504.366799
893,BWC-037-893@06:44.406,504.367039
894,BWC-037-894@06:44.540,504.367279
895,BWC-037-895@06:44.679,504.367509
896,BWC-037-896@06:44.829,504.367739
897,BWC-037-897@06:45.393,504.367989
898,BWC-037-898@06:45.698,504.368187
899,BWC-037-899@06:45.913,504.368386
900,BWC-037-900@06:46.714,504.368622
901,BWC-037-901@06:46.766,504.368955
902,BWC-037-902@06:46.914,504.3693
903,BWC-037-903@06:47.063,504.36954
904,BWC-037-904@06:47.240,504.36978
905,BWC-037-905@06:47.424,504.37002
906,BWC-037-906@06:47.600,504.37026
907,BWC-037-907@06:47.778,504.3705
908,BWC-037-908@06:47.951,504.37074
909,BWC-037-909@06:48.300,504.37098
910,BWC-037-910@06:48.619,504.37122
911,BWC-037-911@06:48.963,504.37146
912,BWC-037-912@06:49.250,504.3717
913,BWC-037-913@06:51.578,504.37194
914,BWC-037-914@06:51.936,504.37218
915,BWC-037-915@06:52.217,504.37242
916,BWC-037-916@06:52.500,504.37266
917,BWC-037-917@06:52.768,504.3729
918,BWC-037-918@06:53.031,504.37314
919,BWC-037-919@06:53.274,504.37338
920,BWC-037-920@06:53.525,504.37362
921,BWC-037-921@06:53.780,504.37386
922,BWC-037-922@06:54.036,504.3741
923,BWC-037-923@06:54.286,504.37434
924,BWC-037-924@06:54.529,504.37458
925,BWC-037-925@06:54.766,504.37482
926,BWC-037-926@06:55.004,504.37506
927,BWC-037-927@06:55.238,504.3753
928,BWC-037-928@06:55.479,504.37554
929,BWC-037-929@06:55.723,504.37578
930,BWC-037-930@06:55.967,504.37602
931,BWC-037-931@06:56.212,504.37626
932,BWC-037-932@06:56.452,504.3765
933,BWC-037-933@06:56.701,504.37674
934,BWC-037-934@06:56.956,504.37698
935,BWC-037-935@06:57.197,504.37722
936,BWC-037-936@06:57.435,504.377425
937,BWC-037-937@06:57.676,504.377665
938,BWC-037-938@06:57.916,504.377905
939,BWC-037-939@06:58.151,504.378145
940,BWC-037-940@06:58.393,504.378385
941,BWC-037-941@06:58.629,504.378625
942,BWC-037-942@07:02.389,504.378865
943,BWC-037-943@07:02.598,504.379105
944,BWC-037-944@07:02.826,504.379373
945,BWC-037-945@07:03.057,504.379613
946,BWC-037-946@07:03.283,504.379853
947,BWC-037-947@07:03.505,504.379968
948,BWC-037-948@07:03.734,504.380208
949,BWC-037-949@07:03.968,504.380448
950,BWC-037-950@07:04.202,504.380688
951,BWC-037-951@07:04.435,504.380928
952,BWC-037-952@07:04.668,504.381168
953,BWC-037-953@07:04.898,504.381408
954,BWC-037-954@07:05.125,504.381648
955,BWC-037-955@07:05.324,504.381888
956,BWC-037-956@07:06.489,504.38206
957,BWC-037-957@07:06.671,504.3823
958,BWC-037-958@07:06.860,504.38254
959,BWC-037-959@07:07.244,504.38278
960,BWC-037-960@07:07.455,504.38302
961,BWC-037-961@07:07.681,504.383173
962,BWC-037-962@07:07.902,504.383413
963,BWC-037-963@07:08.122,504.383653
964,BWC-037-964@07:08.340,504.383893
965,BWC-037-965@07:08.559,504.384133
966,BWC-037-966@07:08.772,504.384314
967,BWC-037-967@07:08.984,504.384554
968,BWC-037-968@07:09.190,504.384794
969,BWC-037-969@07:09.402,504.385034
970,BWC-037-970@07:09.618,504.385274
971,BWC-037-971@07:09.830,504.385514
972,BWC-037-972@07:10.040,504.385754
973,BWC-037-973@07:10.255,504.385854
974,BWC-037-974@07:10.471,504.386094
975,BWC-037-975@07:10.686,504.386334
976,BWC-037-976@07:10.898,504.386574
977,BWC-037-977@07:11.111,504.386757
978,BWC-037-978@07:11.328,504.387008
979,BWC-037-979@07:11.497,504.387248
980,BWC-037-980@07:14.168,504.387491
981,BWC-037-981@07:14.317,504.387765
982,BWC-037-982@07:14.483,504.387978
983,BWC-037-983@07:14.678,504.388218
984,BWC-037-984@07:14.886,504.388458
985,BWC-037-985@07:15.092,504.388698
986,BWC-037-986@07:15.292,504.388938
987,BWC-037-987@07:15.499,504.389178
988,BWC-037-988@07:15.699,504.389418
989,BWC-037-989@07:15.903,504.389658
990,BWC-037-990@07:16.109,504.389898
991,BWC-037-991@07:16.312,504.390138
992,BWC-037-992@07:16.508,504.390378
993,BWC-037-993@07:16.703,504.390618
994,BWC-037-994@07:18.114,504.390858
995,BWC-037-995@07:18.288,504.39117
996,BWC-037-996@07:18.483,504.39141
997,BWC-037-997@07:18.682,504.39165
998,BWC-037-998@07:18.880,504.39189
999,BWC-037-999@07:19.078,504.39213
1000,BWC-037-1000@07:19.272,504.39237
1001,BWC-037-1001@07:19.466,504.39261
1002,BWC-037-1002@07:19.660,504.39285
1003,BWC-037-1003@07:19.848,504.39309
1004,BWC-037-1004@07:20.040,504.39333
1005,BWC-037-1005@07:20.232,504.393502
1006,BWC-037-1006@07:20.422,504.393742
1007,BWC-037-1007@07:20.613,504.393982
1008,BWC-037-1008@07:20.807,504.394222
1009,BWC-037-1009@07:21.009,504.39453
1010,BWC-037-1010@07:21.201,504.394837
1011,BWC-037-1011@07:21.393,504.395027
1012,BWC-037-1012@07:21.582,504.39529
1013,BWC-037-1013@07:21.776,504.395516
1014,BWC-037-1014@07:21.959,504.395756
1015,BWC-037-1015@07:22.142,504.395996
1016,BWC-037-1016@07:22.319,504.396236
1017,BWC-037-1017@07:22.466,504.396476
1018,BWC-037-1018@07:22.622,504.396716
1019,BWC-037-1019@07:22.794,504.396956
1020,BWC-037-1020@07:22.982,504.397236
1021,BWC-037-1021@07:23.166,504.397476
1022,BWC-037-1022@07:23.352,504.397716
1023,BWC-037-1023@07:23.543,504.397956
1024,BWC-037-1024@07:23.736,504.398196
1025,BWC-037-1025@07:23.916,504.398436
1026,BWC-037-1026@07:24.066,504.398653
1027,BWC-037-1027@07:24.472,504.398775
1028,BWC-037-1028@07:24.574,504.399201
1029,BWC-037-1029@07:24.677,504.399441
1030,BWC-037-1030@07:26.074,504.399684
1031,BWC-037-1031@07:26.199,504.399906
1032,BWC-037-1032@07:26.354,504.400119
1033,BWC-037-1033@07:26.527,504.400256
1034,BWC-037-1034@07:26.712,504.400499
1035,BWC-037-1035@07:26.901,504.400682
1036,BWC-037-1036@07:27.088,504.400852
1037,BWC-037-1037@07:27.271,504.401069
1038,BWC-037-1038@07:27.453,504.401236
1039,BWC-037-1039@07:27.632,504.40139
1040,BWC-037-1040@07:27.810,504.401555
1041,BWC-037-1041@07:28.593,504.401745
1042,BWC-037-1042@07:36.968,504.401944
1043,BWC-037-1043@07:37.102,504.402184
1044,BWC-037-1044@07:37.243,504.402424
1045,BWC-037-1045@07:37.422,504.402664
1046,BWC-037-1046@07:37.489,504.402868
1047,BWC-037-1047@07:37.674,504.403108
1048,BWC-037-1048@07:37.857,504.403348
1049,BWC-037-1049@07:38.055,504.403588
1050,BWC-037-1050@07:40.057,504.403831
1051,BWC-037-1051@07:40.273,504.404071
1052,BWC-037-1052@07:51.158,504.404311
1053,BWC-037-1053@07:51.380,504.404551
1054,BWC-037-1054@08:01.218,504.404791
1055,BWC-037-1055@08:01.328,504.405141
1056,BWC-037-1056@08:01.461,504.405415
1057,BWC-037-1057@08:01.592,504.405749
1058,BWC-037-1058@08:01.714,504.406084
1059,BWC-037-1059@08:01.830,504.406388
1060,BWC-037-1060@08:01.940,504.406662
1061,BWC-037-1061@08:02.055,504.40689
1062,BWC-037-1062@08:02.216,504.407148
1063,BWC-037-1063@08:40.800,504.407407
1064,BWC-037-1064@08:40.894,504.407647
1065,BWC-037-1065@12:00.227,504.407951
1066,BWC-037-1066@12:00.547,504.408118
1067,BWC-037-1067@12:00.705,504.408331
1068,BWC-037-1068@12:00.866,504.408514
1069,BWC-037-1069@12:01.017,504.408712
1070,BWC-037-1070@12:01.171,504.408986
1071,BWC-037-1071@12:01.321,504.409244
1072,BWC-037-1072@12:01.476,504.409457
1073,BWC-037-1073@12:01.628,504.40967
1074,BWC-037-1074@12:01.921,504.409883
1075,BWC-037-1075@12:01.927,504.410111
1076,BWC-037-1076@12:02.063,504.410279
1077,BWC-037-1077@12:02.073,504.410507
1078,BWC-037-1078@12:02.205,504.41072
1079,BWC-037-1079@12:02.223,504.410994
1080,BWC-037-1080@12:02.350,504.411222
1081,BWC-037-1081@12:02.496,504.411481
1082,BWC-037-1082@12:02.528,504.411678
1083,BWC-037-1083@12:02.685,504.411846
1084,BWC-037-1084@12:02.729,504.412028
1085,BWC-037-1085@12:02.861,504.412257
1086,BWC-037-1086@12:02.866,504.412454
1087,BWC-037-1087@12:03.010,504.412667
1088,BWC-037-1088@12:03.157,504.412926
1089,BWC-037-1089@12:03.301,504.413124
1090,BWC-037-1090@12:03.438,504.413364
1091,BWC-037-1091@12:03.570,504.413604
1092,BWC-037-1092@12:03.706,504.413844
1093,BWC-037-1093@12:03.842,504.414084
1094,BWC-037-1094@12:03.973,504.414324
1095,BWC-037-1095@12:04.119,504.414564
1096,BWC-037-1096@12:05.686,504.414804
1097,BWC-037-1097@12:08.985,504.415093
1098,BWC-037-1098@12:19.639,504.415397
1099,BWC-037-1099@12:19.846,504.415655
1100,BWC-037-1100@12:19.978,504.415777
1101,BWC-037-1101@12:20.139,504.416017
1102,BWC-037-1102@12:20.285,504.416257
1103,BWC-037-1103@12:20.427,504.416497
1104,BWC-037-1104@12:20.654,504.416737
1105,BWC-037-1105@12:20.784,504.416977
1106,BWC-037-1106@12:20.919,504.417217
1107,BWC-037-1107@12:21.055,504.417457
1108,BWC-037-1108@12:21.193,504.417697
1109,BWC-037-1109@12:21.332,504.417937
1110,BWC-037-1110@12:21.466,504.418177
1111,BWC-037-1111@12:21.592,504.418417
1112,BWC-037-1112@12:28.373,504.418657
1113,BWC-037-1113@12:28.611,504.418931
1114,BWC-037-1114@12:28.770,504.419171
1115,BWC-037-1115@12:29.029,504.419411
1116,BWC-037-1116@12:29.169,504.419651
1117,BWC-037-1117@12:29.312,504.419891
1118,BWC-037-1118@12:29.488,504.420131
1119,BWC-037-1119@12:29.615,504.420371
1120,BWC-037-1120@12:29.747,504.420611
1121,BWC-037-1121@12:31.574,504.420851
1122,BWC-037-1122@12:31.665,504.421094
1123,BWC-037-1123@12:31.758,504.421353
1124,BWC-037-1124@12:31.859,504.421718
1125,BWC-037-1125@12:31.960,504.422053
1126,BWC-037-1126@12:32.064,504.422387
1127,BWC-037-1127@12:32.782,504.422707
1128,BWC-037-1128@12:32.895,504.422947
1129,BWC-037-1129@12:33.009,504.423187
1130,BWC-037-1130@12:33.125,504.423427
1131,BWC-037-1131@12:33.220,504.423667
1132,BWC-037-1132@12:33.321,504.423907
1133,BWC-037-1133@12:33.418,504.424147
1134,BWC-037-1134@12:33.505,504.424387
1135,BWC-037-1135@12:33.597,504.424627
1136,BWC-037-1136@12:33.688,504.424916
1137,BWC-037-1137@12:40.114,504.425205
1138,BWC-037-1138@12:40.202,504.425494
1139,BWC-037-1139@12:40.293,504.425752
1140,BWC-037-1140@12:40.383,504.425992
1141,BWC-037-1141@12:40.479,504.426232
1142,BWC-037-1142@12:40.574,504.426472
1143,BWC-037-1143@12:40.687,504.426712
1144,BWC-037-1144@12:41.344,504.426952
1145,BWC-037-1145@12:41.453,504.427256
1146,BWC-037-1146@12:41.567,504.42753
1147,BWC-037-1147@12:41.675,504.427743
1148,BWC-037-1148@12:41.769,504.427928
1149,BWC-037-1149@12:41.862,504.428136
1150,BWC-037-1150@12:41.953,504.428376
1151,BWC-037-1151@12:42.048,504.428616
1152,BWC-037-1152@12:42.140,504.428856
1153,BWC-037-1153@12:42.233,504.429096
1154,BWC-037-1154@12:42.325,504.429336
1155,BWC-037-1155@12:42.418,504.429576
1156,BWC-037-1156@12:42.514,504.429882
1157,BWC-037-1157@12:47.091,504.4301
1158,BWC-037-1158@12:47.199,504.430254
1159,BWC-037-1159@12:47.302,504.430522
1160,BWC-037-1160@12:47.405,504.430701
1161,BWC-037-1161@12:47.508,504.430932
1162,BWC-037-1162@12:47.598,504.431072
1163,BWC-037-1163@12:47.689,504.431251
1164,BWC-037-1164@12:47.780,504.431443
1165,BWC-037-1165@12:47.871,504.43161
1166,BWC-037-1166@12:47.960,504.431776
1167,BWC-037-1167@12:48.053,504.431968
1168,BWC-037-1168@12:52.051,504.432173
1169,BWC-037-1169@13:01.919,504.432413
1170,BWC-037-1170@13:02.078,504.432605
1171,BWC-037-1171@13:02.078,504.43272
1172,BWC-037-1172@13:02.645,504.432899
1173,BWC-037-1173@13:02.943,504.43304
1174,BWC-037-1174@13:03.335,504.433193
1175,BWC-037-1175@13:03.449,504.433433
1176,BWC-037-1176@13:03.573,504.433673
1177,BWC-037-1177@13:03.715,504.433913
1178,BWC-037-1178@13:03.862,504.434153
1179,BWC-037-1179@13:04.007,504.434393
1180,BWC-037-1180@13:04.147,504.434633
1181,BWC-037-1181@13:04.295,504.434873
1182,BWC-037-1182@13:04.434,504.435113
1183,BWC-037-1183@13:04.566,504.435353
1184,BWC-037-1184@13:04.703,504.435622
1185,BWC-037-1185@13:14.814,504.435801
1186,BWC-037-1186@13:14.937,504.435993
1187,BWC-037-1187@13:15.083,504.436233
1188,BWC-037-1188@13:15.208,504.436473
1189,BWC-037-1189@13:15.325,504.436713
1190,BWC-037-1190@13:21.706,504.436943
1191,BWC-037-1191@13:25.981,504.437173
1192,BWC-037-1192@13:29.753,504.437413
1193,BWC-037-1193@13:29.902,504.437653
1194,BWC-037-1194@13:30.651,504.437893
1195,BWC-037-1195@13:30.780,504.438034
1196,BWC-037-1196@13:30.780,504.438217
1197,BWC-037-1197@13:30.908,504.438457
1198,BWC-037-1198@13:30.908,504.438697
1199,BWC-037-1199@13:31.031,504.438873
1200,BWC-037-1200@13:31.031,504.439113
1201,BWC-037-1201@13:31.151,504.439353
1202,BWC-037-1202@13:31.256,504.439593
1203,BWC-037-1203@13:31.368,504.439734
1204,BWC-037-1204@13:31.397,504.440015
1205,BWC-037-1205@13:31.493,504.440182
1206,BWC-037-1206@13:31.519,504.440438
1207,BWC-037-1207@13:31.579,504.440617
1208,BWC-037-1208@13:31.646,504.440975
1209,BWC-037-1209@13:31.780,504.441215
1210,BWC-037-1210@13:31.918,504.441455
1211,BWC-037-1211@13:34.089,504.441672
1212,BWC-037-1212@13:34.216,504.441912
1213,BWC-037-1213@13:34.339,504.442152
1214,BWC-037-1214@13:34.535,504.442392
1215,BWC-037-1215@13:34.636,504.442632
1216,BWC-037-1216@13:34.742,504.442872
1217,BWC-037-1217@13:34.848,504.443112
1218,BWC-037-1218@13:34.956,504.443352
1219,BWC-037-1219@13:35.063,504.443592
1220,BWC-037-1220@13:35.167,504.443832
1221,BWC-037-1221@13:35.269,504.444072
1222,BWC-037-1222@13:35.373,504.444312
1223,BWC-037-1223@13:35.484,504.444552
1224,BWC-037-1224@13:35.584,504.444792
1225,BWC-037-1225@13:35.688,504.445032
1226,BWC-037-1226@13:35.825,504.445272
1227,BWC-037-1227@13:35.957,504.445512
1228,BWC-037-1228@13:35.983,504.445819
1229,BWC-037-1229@13:36.128,504.446059
1230,BWC-037-1230@13:36.141,504.446341
1231,BWC-037-1231@13:36.304,504.446581
1232,BWC-037-1232@13:36.337,504.446875
1233,BWC-037-1233@13:36.486,504.447115
1234,BWC-037-1234@13:36.506,504.447355
1235,BWC-037-1235@13:36.648,504.447595
1236,BWC-037-1236@13:36.713,504.447835
1237,BWC-037-1237@13:36.807,504.448075
1238,BWC-037-1238@13:36.813,504.448315
1239,BWC-037-1239@13:36.916,504.448555
1240,BWC-037-1240@13:36.966,504.448721
1241,BWC-037-1241@13:37.143,504.44899
1242,BWC-037-1242@13:37.162,504.44908
1243,BWC-037-1243@13:37.386,504.449284
1244,BWC-037-1244@13:37.591,504.449438
1245,BWC-037-1245@13:37.948,504.449566
1246,BWC-037-1246@13:39.464,504.449758
1247,BWC-037-1247@13:39.527,504.449988
1248,BWC-037-1248@13:39.629,504.450231
1249,BWC-037-1249@13:39.655,504.45041
1250,BWC-037-1250@13:39.785,504.450589
1251,BWC-037-1251@13:39.798,504.45082
1252,BWC-037-1252@13:39.878,504.451063
1253,BWC-037-1253@13:39.915,504.451303
1254,BWC-037-1254@13:39.963,504.451469
1255,BWC-037-1255@13:39.977,504.451738
1256,BWC-037-1256@13:40.034,504.451978
1257,BWC-037-1257@13:40.088,504.452131
1258,BWC-037-1258@13:40.137,504.452371
1259,BWC-037-1259@13:40.158,504.452576
1260,BWC-037-1260@13:40.267,504.452755
1261,BWC-037-1261@13:40.281,504.452995
1262,BWC-037-1262@13:40.363,504.4532
1263,BWC-037-1263@13:40.396,504.45344
1264,BWC-037-1264@13:40.465,504.453555
1265,BWC-037-1265@13:40.566,504.453795
1266,BWC-037-1266@13:40.670,504.454035
1267,BWC-037-1267@13:40.747,504.454275
1268,BWC-037-1268@13:40.779,504.454441
1269,BWC-037-1269@13:40.865,504.454681
1270,BWC-037-1270@13:40.884,504.454758
1271,BWC-037-1271@13:40.989,504.454998
1272,BWC-037-1272@13:41.105,504.455126
1273,BWC-037-1273@13:41.218,504.45528
1274,BWC-037-1274@13:41.327,504.455459
1275,BWC-037-1275@13:41.439,504.455817
1276,BWC-037-1276@13:41.447,504.455983
1277,BWC-037-1277@13:41.545,504.456223
1278,BWC-037-1278@13:41.655,504.456463
1279,BWC-037-1279@13:41.662,504.456703
1280,BWC-037-1280@13:41.773,504.456972
1281,BWC-037-1281@13:41.854,504.457202
1282,BWC-037-1282@13:41.884,504.457442
1283,BWC-037-1283@13:41.945,504.45766
1284,BWC-037-1284@13:41.990,504.4579
1285,BWC-037-1285@13:42.047,504.45813
1286,BWC-037-1286@13:42.104,504.45837
1287,BWC-037-1287@13:42.237,504.458587
1288,BWC-037-1288@13:42.333,504.458831
1289,BWC-037-1289@13:48.312,504.459112
1290,BWC-037-1290@13:48.459,504.459368
1291,BWC-037-1291@13:48.600,504.459573
1292,BWC-037-1292@13:48.738,504.45979
1293,BWC-037-1293@13:48.877,504.460033
1294,BWC-037-1294@13:49.016,504.460263
1295,BWC-037-1295@13:49.156,504.460503
1296,BWC-037-1296@13:49.295,504.460743
1297,BWC-037-1297@13:49.438,504.460983
1298,BWC-037-1298@13:49.588,504.461223
1299,BWC-037-1299@13:50.842,504.461463
1300,BWC-037-1300@13:50.959,504.461706
1301,BWC-037-1301@13:51.082,504.462013
1302,BWC-037-1302@13:51.659,504.462282
1303,BWC-037-1303@13:51.773,504.462576
1304,BWC-037-1304@13:51.893,504.462793
1305,BWC-037-1305@13:52.010,504.463062
1306,BWC-037-1306@13:52.126,504.463356
1307,BWC-037-1307@13:52.245,504.463599
1308,BWC-037-1308@13:52.608,504.463791
1309,BWC-037-1309@13:52.711,504.463983
1310,BWC-037-1310@13:52.821,504.464226
1311,BWC-037-1311@13:52.936,504.464466
1312,BWC-037-1312@13:53.046,504.464706
1313,BWC-037-1313@13:53.148,504.464946
1314,BWC-037-1314@13:53.320,504.465202
1315,BWC-037-1315@13:55.889,504.465445
1316,BWC-037-1316@13:59.278,504.465685
1317,BWC-037-1317@13:59.388,504.465925
1318,BWC-037-1318@13:59.525,504.466194
1319,BWC-037-1319@13:59.660,504.466501
1320,BWC-037-1320@14:08.803,504.466833
1321,BWC-037-1321@14:08.944,504.467012
1322,BWC-037-1322@14:12.941,504.467252
1323,BWC-037-1323@14:13.108,504.467492
1324,BWC-037-1324@14:13.271,504.467732
1325,BWC-037-1325@14:13.425,504.467972
1326,BWC-037-1326@14:16.268,504.468212
1327,BWC-037-1327@14:16.403,504.46834
1328,BWC-037-1328@14:16.458,504.468647
1329,BWC-037-1329@14:16.536,504.468954
1330,BWC-037-1330@14:22.350,504.469235
1331,BWC-037-1331@14:22.487,504.469475
1332,BWC-037-1332@14:22.632,504.469715
1333,BWC-037-1333@14:22.777,504.469955
1334,BWC-037-1334@14:22.966,504.470195
1335,BWC-037-1335@14:23.143,504.470435
1336,BWC-037-1336@14:23.495,504.470675
1337,BWC-037-1337@14:23.676,504.470915
1338,BWC-037-1338@14:23.845,504.471155
1339,BWC-037-1339@14:23.977,504.471395
1340,BWC-037-1340@14:24.114,504.471635
1341,BWC-037-1341@14:24.260,504.471875
1342,BWC-037-1342@14:24.421,504.472115
1343,BWC-037-1343@14:24.600,504.472355
1344,BWC-037-1344@14:24.718,504.472595
1345,BWC-037-1345@14:25.064,504.472835
1346,BWC-037-1346@14:25.323,504.473075
1347,BWC-037-1347@16:50.855,504.473315
1348,BWC-037-1348@18:06.652,504.473555
1349,BWC-037-1349@18:07.075,504.473795
1350,BWC-037-1350@18:22.828,504.474035
1351,BWC-037-1351@18:23.037,504.474275
1352,BWC-037-1352@18:23.271,504.474515
1353,BWC-037-1353@18:43.628,504.474755
1354,BWC-037-1354@18:43.842,504.474995
1355,BWC-037-1355@18:57.786,504.475235
1356,BWC-037-1356@18:58.013,504.475475
1357,BWC-037-1357@18:58.619,504.475715
1358,BWC-037-1358@19:02.347,504.475955
1359,BWC-037-1359@19:03.202,504.476195
1360,BWC-037-1360@19:04.770,504.476435
1361,BWC-037-1361@19:05.084,504.476675
1362,BWC-037-1362@19:14.048,504.476915
1363,BWC-037-1363@19:15.446,504.477155
1364,BWC-037-1364@19:15.844,504.477395
1365,BWC-037-1365@19:16.192,504.477635
1366,BWC-037-1366@19:18.687,504.477875
1367,BWC-037-1367@19:18.878,504.478115
1368,BWC-037-1368@19:19.079,504.478355
1369,BWC-037-1369@19:27.043,504.478595
1370,BWC-037-1370@19:28.501,504.478835
1371,BWC-037-1371@19:33.295,504.479075
1372,BWC-037-1372@19:33.605,504.479315
1373,BWC-037-1373@19:33.769,504.479555
1374,BWC-037-1374@19:33.923,504.479795
1375,BWC-037-1375@19:34.088,504.480051
1376,BWC-042-1@02:22.601,815.398576
1377,BWC-042-2@02:22.773,815.398766
1378,BWC-042-3@15:11.218,815.398956
1379,BWC-042-4@15:11.424,815.399147
1380,BWC-042-5@15:11.619,815.399308
1381,BWC-042-6@15:11.798,815.399498
1382,BWC-042-7@15:11.956,815.399743
1383,BWC-042-8@15:12.107,815.399933
1384,BWC-042-9@15:12.252,815.400123
1385,BWC-042-10@15:12.390,815.400296
1386,BWC-042-11@15:12.525,815.400523
1387,BWC-042-12@15:44.546,815.400719
1388,BWC-042-13@15:44.605,815.40084
1389,BWC-042-14@15:44.807,815.401091
1390,BWC-042-15@15:45.012,815.401312
1391,BWC-042-16@15:45.384,815.401492
1392,BWC-042-17@15:45.512,815.401723
1393,BWC-042-18@15:45.645,815.401924
1394,BWC-042-19@15:45.964,815.402084
1395,BWC-042-20@15:46.124,815.402255
1396,BWC-042-21@15:46.276,815.402415
1397,BWC-042-22@15:48.125,815.402626
1398,BWC-042-23@15:48.251,815.402817
1399,BWC-042-24@15:48.359,815.402997
1400,BWC-042-25@15:48.448,815.403188
1401,BWC-042-26@15:50.300,815.403328
1402,BWC-042-27@15:50.508,815.403518
1403,BWC-042-28@15:50.705,815.403708
1404,BWC-042-29@16:05.686,815.403898
1405,BWC-042-30@16:05.775,815.404088
1406,BWC-042-31@16:10.517,815.404449
1407,BWC-042-32@16:10.702,815.404639
1408,BWC-042-33@16:10.892,815.404829
1409,BWC-042-34@16:11.087,815.405019
1410,BWC-042-35@16:11.272,815.405209
1411,BWC-042-36@16:11.456,815.405399
1412,BWC-042-37@16:11.633,815.405589
1413,BWC-042-38@16:11.803,815.40579
1414,BWC-042-39@16:11.982,815.406051
1415,BWC-042-40@16:12.160,815.406292
1416,BWC-042-41@16:12.332,815.406482
1417,BWC-042-42@16:12.505,815.406672
1418,BWC-042-43@16:12.682,815.406862
1419,BWC-042-44@16:12.939,815.407052
1420,BWC-042-45@16:13.152,815.407262
1421,BWC-042-46@16:14.332,815.407443
1422,BWC-042-47@16:14.530,815.407633
1423,BWC-042-48@16:14.753,815.407823
1424,BWC-042-49@16:14.923,815.408013
1425,BWC-042-50@16:15.090,815.408304
1426,BWC-042-51@16:15.245,815.408535
1427,BWC-042-52@16:19.330,815.408696
1428,BWC-042-53@16:26.795,815.408875
1429,BWC-042-54@16:26.952,815.409065
1430,BWC-042-55@16:27.095,815.409226
1431,BWC-042-56@16:27.225,815.409423
1432,BWC-042-57@16:30.365,815.409632
1433,BWC-042-58@16:30.413,815.409852
1434,BWC-042-59@16:30.583,815.410109
1435,BWC-042-60@16:30.780,815.410299
1436,BWC-042-61@16:30.962,815.410526
1437,BWC-042-62@16:31.141,815.410716
1438,BWC-042-63@16:31.319,815.410906
1439,BWC-042-64@16:31.431,815.411096
1440,BWC-042-65@16:31.869,815.411286
1441,BWC-042-66@16:32.006,815.411506
1442,BWC-042-67@16:32.143,815.411696
1443,BWC-042-68@16:32.293,815.411886
1444,BWC-042-69@16:32.445,815.412076
1445,BWC-042-70@16:32.633,815.412266
1446,BWC-042-71@16:32.836,815.412456
1447,BWC-042-72@16:33.036,815.412646
1448,BWC-042-73@16:33.259,815.412836
1449,BWC-042-74@16:33.461,815.413026
1450,BWC-042-75@16:33.670,815.413216
1451,BWC-042-76@16:33.884,815.413406
1452,BWC-042-77@16:34.045,815.413596
1453,BWC-042-78@16:46.113,815.413786
1454,BWC-042-79@16:46.310,815.414043
1455,BWC-042-80@16:46.495,815.414275
1456,BWC-042-81@17:08.945,815.414465
1457,BWC-042-82@17:09.132,815.414655
1458,BWC-042-83@17:09.381,815.414845
1459,BWC-042-84@17:09.580,815.415054
1460,BWC-042-85@17:09.580,815.415251
1461,BWC-042-86@17:10.005,815.415502
1462,BWC-042-87@17:10.215,815.415681
1463,BWC-042-88@17:14.841,815.415854
1464,BWC-042-89@17:15.020,815.415991
1465,BWC-042-90@17:15.209,815.41614
1466,BWC-042-91@22:12.128,815.41626
1467,BWC-042-92@22:12.236,815.41645
1468,BWC-042-93@22:12.344,815.41664
1469,BWC-042-94@22:12.454,815.416831
1470,BWC-042-95@22:12.571,815.417069
1471,BWC-042-96@22:12.673,815.41732
1472,BWC-042-97@22:12.778,815.417529
1473,BWC-042-98@22:12.882,815.417726
1474,BWC-042-99@22:12.986,815.417905
1475,BWC-042-100@22:13.091,815.418149
1476,BWC-042-101@22:13.197,815.418298
1477,BWC-042-102@22:27.296,815.418453
1478,BWC-042-103@22:27.407,815.418674
1479,BWC-042-104@22:27.513,815.418853
1480,BWC-042-105@22:27.604,815.419056
1481,BWC-042-106@22:28.172,815.419235
1482,BWC-042-107@22:28.288,815.419425
1483,BWC-042-108@22:28.399,815.419615
1484,BWC-042-109@22:49.468,815.419805
1485,BWC-042-110@22:49.582,815.419995
1486,BWC-042-111@22:49.694,815.420185
1487,BWC-042-112@22:49.804,815.420375
1488,BWC-042-113@22:49.912,815.420565
1489,BWC-042-114@22:50.025,815.420755
1490,BWC-042-115@22:50.140,815.420945
1491,BWC-042-116@22:50.251,815.42119
1492,BWC-042-117@22:50.476,815.421446
1493,BWC-042-118@22:50.586,815.421643
1494,BWC-042-119@22:50.687,815.421846
1495,BWC-042-120@22:50.793,815.422108
1496,BWC-042-121@22:50.900,815.422317
1497,BWC-042-122@22:51.001,815.422478
1498,BWC-042-123@22:51.103,815.422633
1499,BWC-042-124@22:51.206,815.42283
1500,BWC-042-125@22:51.312,815.423003
1501,BWC-042-126@22:51.421,815.423152
1502,BWC-042-127@22:51.542,815.423325
1503,BWC-042-128@22:51.665,815.423516
1504,BWC-042-129@22:51.802,815.423642
1505,BWC-042-130@22:51.912,815.423809
1506,BWC-042-131@22:52.009,815.423988
1507,BWC-042-132@22:52.112,815.424149
1508,BWC-042-133@22:52.215,815.424328
1509,BWC-042-134@22:52.319,815.424507
1510,BWC-042-135@22:52.423,815.424656
1511,BWC-042-136@22:52.526,815.424823
1512,BWC-042-137@23:01.161,815.424996
1513,BWC-042-138@23:44.964,815.425186
1514,BWC-042-139@23:45.092,815.425347
1515,BWC-042-140@23:45.226,815.425526
1516,BWC-042-141@23:45.355,815.425723
1517,BWC-042-142@23:45.487,815.42592
1518,BWC-042-143@23:45.605,815.42611
1519,BWC-042-144@23:45.723,815.4263
1520,BWC-042-145@23:45.843,815.42649
1521,BWC-042-146@23:45.966,815.42668
1522,BWC-042-147@23:46.084,815.42687
1523,BWC-042-148@23:46.201,815.42706
1524,BWC-042-149@23:46.313,815.42725
1525,BWC-042-150@23:46.420,815.42744
1526,BWC-042-151@23:46.531,815.427685
1527,BWC-042-152@23:46.639,815.427905
1528,BWC-042-153@23:46.747,815.42815
1529,BWC-042-154@23:46.855,815.4284
1530,BWC-042-155@23:47.089,815.428561
1531,BWC-042-156@23:47.217,815.428782
1532,BWC-042-157@23:47.353,815.428919
1533,BWC-042-158@23:47.488,815.429116
1534,BWC-042-159@23:47.617,815.429307
1535,BWC-042-160@23:47.758,815.429558
1536,BWC-042-161@24:36.141,815.429761
1537,BWC-042-162@24:36.274,815.42994
1538,BWC-042-163@24:36.403,815.430118
1539,BWC-042-164@24:36.528,815.430308
1540,BWC-042-165@24:36.651,815.430498
1541,BWC-042-166@24:36.770,815.430688
1542,BWC-042-167@24:36.891,815.430909
1543,BWC-042-168@25:19.841,815.4311
1544,BWC-042-169@25:19.991,815.431303
1545,BWC-042-170@25:20.137,815.431506
1546,BWC-042-171@25:20.288,815.431685
1547,BWC-042-172@25:20.442,815.431786
1548,BWC-042-173@25:20.588,815.431959
1549,BWC-042-174@25:20.738,815.432198
1550,BWC-042-175@25:20.887,815.432413
1551,BWC-042-176@25:21.034,815.432598
1552,BWC-042-177@25:21.181,815.432753
1553,BWC-042-178@25:21.324,815.432914
1554,BWC-042-179@25:21.470,815.433117
1555,BWC-042-180@25:21.614,815.433284
1556,BWC-042-181@25:21.760,815.433469
1557,BWC-042-182@25:21.907,815.43363
1558,BWC-042-183@25:22.053,815.433803
1559,BWC-042-184@25:22.201,815.43397
1560,BWC-042-185@25:22.348,815.434119
1561,BWC-042-186@25:22.503,815.434239
1562,BWC-042-187@25:22.652,815.43443
1563,BWC-042-188@25:22.802,815.434597
1564,BWC-042-189@25:22.957,815.434752
1565,BWC-042-190@25:23.113,815.434913
1566,BWC-042-191@25:23.268,815.435074
1567,BWC-042-192@25:23.422,815.435247
1568,BWC-042-193@25:23.576,815.435462
1569,BWC-042-194@25:23.730,815.435635
1570,BWC-042-195@25:23.884,815.435802
1571,BWC-042-196@25:24.034,815.435993
1572,BWC-042-197@25:24.187,815.436172
1573,BWC-042-198@25:24.331,815.436357
1574,BWC-042-199@25:24.478,815.43653
1575,BWC-042-200@25:24.623,815.436751
1576,BWC-042-201@25:24.764,815.436906
1577,BWC-042-202@25:24.910,815.437103
1578,BWC-042-203@25:25.057,815.437228
1579,BWC-042-204@25:25.200,815.437467
1580,BWC-042-205@25:30.100,815.43764
1581,BWC-042-206@25:30.250,815.43786
1582,BWC-042-207@25:30.404,815.438057
1583,BWC-042-208@25:30.551,815.438296
1584,BWC-042-209@25:30.700,815.438487
1585,BWC-042-210@25:30.846,815.43869
1586,BWC-042-211@25:30.995,815.438898
1587,BWC-042-212@25:31.145,815.439107
1588,BWC-042-213@25:31.292,815.43925
1589,BWC-042-214@25:31.434,815.439418
1590,BWC-042-215@25:31.575,815.439602
1591,BWC-042-216@25:31.719,815.439817
1592,BWC-042-217@25:31.868,815.439972
1593,BWC-042-218@25:32.014,815.44011
1594,BWC-042-219@25:32.156,815.440265
1595,BWC-042-220@25:32.304,815.440468
1596,BWC-042-221@25:32.455,815.440623
1597,BWC-042-222@25:32.600,815.440802
1598,BWC-042-223@25:32.691,815.441005
1599,BWC-042-224@25:32.749,815.44116
1600,BWC-042-225@25:32.897,815.441339
1601,BWC-042-226@25:32.919,815.441506
1602,BWC-042-227@27:56.263,815.441696
1603,BWC-042-228@27:56.445,815.441886
1604,BWC-042-229@27:56.736,815.442076
1605,BWC-042-230@27:56.916,815.442266
1606,BWC-042-231@27:57.151,815.442456
1607,BWC-042-232@27:57.292,815.442707
1608,BWC-042-233@27:57.424,815.442921
1609,BWC-042-234@27:57.557,815.443148
1610,BWC-042-235@27:57.687,815.443338
1611,BWC-042-236@27:57.823,815.443528
1612,BWC-042-237@27:57.972,815.443797
1613,BWC-042-238@27:58.218,815.443987
1614,BWC-042-239@27:58.380,815.444237
1615,BWC-042-240@27:58.532,815.444547
1616,BWC-042-241@00:54.053,980.605553
1617,BWC-042-242@00:54.121,980.605179
1618,BWC-042-243@00:54.197,980.604805
1619,BWC-042-244@00:54.276,980.604487
1620,BWC-042-245@00:54.366,980.604237
1621,BWC-042-246@00:54.464,980.603987
1622,BWC-042-247@00:54.562,980.603725
1623,BWC-042-248@00:54.642,980.603389
1624,BWC-042-249@00:54.713,980.603015
1625,BWC-042-250@00:54.789,980.602641
1626,BWC-042-251@00:54.869,980.602391
1627,BWC-042-252@00:54.975,980.601867
1628,BWC-042-253@00:55.051,980.601512
1629,BWC-042-254@00:55.113,980.601138
1630,BWC-042-255@00:55.181,980.600783
1631,BWC-042-256@23:03.866,980.600428
1632,BWC-042-257@23:03.958,980.600035
1633,BWC-042-258@23:04.053,980.599773
1634,BWC-042-259@23:04.147,980.599399
1635,BWC-042-260@23:04.236,980.599231
1636,BWC-042-261@23:04.328,980.598932
1637,BWC-042-262@23:04.423,980.598681
1638,BWC-042-263@23:10.451,980.598438
1639,BWC-042-264@23:10.552,980.598139
1640,BWC-042-265@23:10.667,980.597896
1641,BWC-042-266@23:10.786,980.597578
1642,BWC-042-267@23:10.900,980.597223
1643,BWC-042-268@23:11.011,980.59698
1644,BWC-042-269@23:11.134,980.596643
1645,BWC-042-270@05:06.338,914.385217
1646,BWC-042-271@05:06.524,914.385363
1647,BWC-042-272@05:06.717,914.385543
1648,BWC-042-273@05:06.906,914.385763
1649,BWC-042-274@05:07.080,914.386015
1650,BWC-042-275@05:07.252,914.386215
1651,BWC-042-276@05:07.429,914.386421
1652,BWC-042-277@05:07.607,914.386594
1653,BWC-042-278@05:07.786,914.386713
1654,BWC-042-279@05:08.589,914.386873
1655,BWC-042-280@05:08.780,914.387046
1656,BWC-042-281@05:08.982,914.387305
1657,BWC-042-282@05:47.692,914.387591
1658,BWC-042-283@05:47.893,914.387777
1659,BWC-042-284@05:48.106,914.387997
1660,BWC-042-285@05:48.323,914.388243
1661,BWC-042-286@05:51.362,914.388449
1662,BWC-042-287@05:51.540,914.388628
1663,BWC-042-288@05:51.740,914.388808
1664,BWC-042-289@13:33.746,914.389007
1665,BWC-042-290@13:33.849,914.389398
1666,BWC-042-291@13:33.951,914.389678
1667,BWC-042-292@13:34.067,914.390035
1668,BWC-042-293@13:34.164,914.390337
1669,BWC-042-294@13:34.259,914.390594
1670,BWC-042-295@13:43.930,914.39084
1671,BWC-042-296@13:44.146,914.391086
1672,BWC-042-297@13:44.492,914.391477
1673,BWC-042-298@13:44.602,914.391678
1674,BWC-042-299@13:44.844,914.391868
1675,BWC-042-300@13:44.955,914.392136
1676,BWC-042-301@13:45.066,914.392404
1677,BWC-042-302@13:54.009,914.392717
1678,BWC-042-303@13:54.125,914.392885
1679,BWC-042-304@13:54.238,914.393075
1680,BWC-042-305@13:54.352,914.39341
1681,BWC-042-306@13:54.469,914.393712
1682,BWC-042-307@13:54.589,914.394003
1683,BWC-042-308@13:58.688,914.394327
1684,BWC-042-309@13:58.821,914.394539
1685,BWC-042-310@13:59.601,914.394696
1686,BWC-042-311@13:59.735,914.394863
1687,BWC-042-312@13:59.882,914.39501
1688,BWC-042-313@14:00.146,914.395323
1689,BWC-042-314@14:00.268,914.395502
1690,BWC-042-315@14:00.391,914.395615
1691,BWC-042-316@14:00.516,914.395748
1692,BWC-042-317@14:00.646,914.395914
1693,BWC-042-318@14:00.787,914.396074
1694,BWC-042-319@14:00.936,914.396207
1695,BWC-042-320@00:03.814,980.373682
1696,BWC-042-321@00:03.923,980.373358
1697,BWC-042-322@05:34.165,980.37296
1698,BWC-042-323@05:34.281,980.372724
1699,BWC-042-324@05:34.389,980.372476
1700,BWC-042-325@05:34.500,980.372252
1701,BWC-042-326@05:34.641,980.372015
1702,BWC-042-327@05:34.746,980.37168
1703,BWC-042-328@05:34.853,980.3714
1704,BWC-042-329@05:34.960,980.37112
1705,BWC-042-330@05:35.067,980.370722
1706,BWC-042-331@05:35.174,980.370442
1707,BWC-042-332@05:35.281,980.370118
1708,BWC-042-333@05:39.536,980.369808
1709,BWC-042-334@05:39.615,980.369509
1710,BWC-042-335@05:39.692,980.369062
1711,BWC-042-336@05:39.773,980.368726
1712,BWC-042-337@05:39.845,980.368316
1713,BWC-042-338@05:39.916,980.36803
1714,BWC-042-339@06:05.503,980.367719
1715,BWC-042-340@06:05.600,980.367445
1716,BWC-042-341@06:05.694,980.367147
1717,BWC-042-342@06:05.791,980.366836
1718,BWC-042-343@06:05.887,980.366513
1719,BWC-042-344@06:05.981,980.366233
1720,BWC-042-345@06:06.074,980.365953
1721,BWC-042-346@06:06.169,980.365673
1722,BWC-042-347@06:06.262,980.365393
1723,BWC-042-348@06:06.354,980.364983
1724,BWC-042-349@06:06.444,980.364622
1725,BWC-042-350@06:06.536,980.364262
1726,BWC-042-351@06:10.173,980.363963
1727,BWC-042-352@06:10.239,980.363702
1728,BWC-042-353@06:10.302,980.363366
1729,BWC-042-354@06:10.366,980.362993
1730,BWC-042-355@06:10.432,980.362645
1731,BWC-042-356@06:10.496,980.362347
1732,BWC-042-357@06:10.756,980.362098
1733,BWC-042-358@06:10.819,980.361824
1734,BWC-042-359@06:10.885,980.361451
1735,BWC-042-360@06:10.949,980.361165
1736,BWC-042-361@06:11.012,980.360842
1737,BWC-042-362@06:11.077,980.360581
1738,BWC-042-363@06:11.141,980.36032
1739,BWC-042-364@06:11.459,980.360034
1740,BWC-042-365@06:11.485,980.359736
1741,BWC-042-366@06:11.523,980.359325
1742,BWC-042-367@06:11.578,980.358965
1743,BWC-042-368@06:11.584,980.35853
1744,BWC-042-369@06:11.651,980.358182
1745,BWC-042-370@06:11.664,980.357834
1746,BWC-042-371@06:11.718,980.357312
1747,BWC-042-372@06:11.751,980.357013
1748,BWC-042-373@06:11.781,980.356733
1749,BWC-042-374@06:11.836,980.356447
1750,BWC-042-375@06:11.920,980.356167
1751,BWC-042-376@06:12.002,980.355887
1752,BWC-042-377@06:12.086,980.355465
1753,BWC-042-378@06:12.170,980.355154
1754,BWC-042-379@06:12.252,980.354843
1755,BWC-042-380@06:12.547,980.354557
1756,BWC-042-381@06:12.598,980.354271
1757,BWC-042-382@06:12.654,980.353985
1758,BWC-042-383@06:19.605,980.353637
1759,BWC-042-384@06:19.702,980.353276
1760,BWC-042-385@06:19.804,980.352928
1761,BWC-042-386@06:19.900,980.352555
1762,BWC-042-387@06:19.995,980.352275
1763,BWC-042-388@06:20.087,980.351995
1764,BWC-042-389@06:20.182,980.351715
1765,BWC-042-390@06:20.280,980.351435
1766,BWC-042-391@06:20.377,980.351155
1767,BWC-042-392@06:20.469,980.350875
1768,BWC-042-393@06:20.566,980.350502
1769,BWC-042-394@06:20.667,980.350042
1770,BWC-042-395@06:20.763,980.349762
1771,BWC-042-396@06:20.857,980.349482
1772,BWC-042-397@06:20.953,980.349202
1773,BWC-042-398@06:21.045,980.348922
1774,BWC-042-399@06:21.139,980.348642
1775,BWC-042-400@06:21.235,980.348306
1776,BWC-042-401@06:21.328,980.347822
1777,BWC-042-402@06:21.419,980.347473
1778,BWC-042-403@06:21.513,980.347193
1779,BWC-042-404@06:21.607,980.346734
1780,BWC-042-405@06:21.730,980.346336
1781,BWC-042-406@06:21.821,980.346056
1782,BWC-042-407@06:21.911,980.345776
1783,BWC-042-408@06:22.004,980.345496
1784,BWC-042-409@06:22.092,980.345216
1785,BWC-042-410@06:22.182,980.344936
1786,BWC-042-411@06:22.272,980.344656
1787,BWC-042-412@06:25.384,980.344376
1788,BWC-042-413@06:25.483,980.34404
1789,BWC-042-414@06:25.575,980.343592
1790,BWC-042-415@06:25.663,980.343269
1791,BWC-042-416@06:25.757,980.342859
1792,BWC-042-417@06:25.855,980.342511
1793,BWC-042-418@06:25.951,980.342101
1794,BWC-042-419@06:26.039,980.341821
1795,BWC-042-420@06:26.122,980.341541
1796,BWC-042-421@06:26.208,980.34113
1797,BWC-042-422@06:26.294,980.340708
1798,BWC-042-423@06:26.381,980.340372
1799,BWC-042-424@06:33.881,980.3399
1800,BWC-042-425@06:33.968,980.33949
1801,BWC-042-426@06:34.059,980.339055
1802,BWC-042-427@06:34.147,980.338694
1803,BWC-042-428@06:34.232,980.338414
1804,BWC-042-429@06:34.319,980.338134
1805,BWC-042-430@06:34.404,980.337761
1806,BWC-042-431@06:34.490,980.337487
1807,BWC-042-432@06:34.575,980.337189
1808,BWC-042-433@06:34.660,980.336866
1809,BWC-042-434@06:40.006,980.336654
1810,BWC-042-435@06:40.137,980.336393
1811,BWC-042-436@06:40.271,980.33607
1812,BWC-042-437@06:40.414,980.335796
1813,BWC-042-438@06:40.549,980.335516
1814,BWC-042-439@06:40.665,980.335236
1815,BWC-042-440@06:42.146,980.334956
1816,BWC-042-441@06:42.229,980.334695
1817,BWC-042-442@06:42.307,980.334446
1818,BWC-042-443@06:42.389,980.333962
1819,BWC-042-444@06:42.469,980.333576
1820,BWC-042-445@06:42.549,980.333265
1821,BWC-042-446@06:42.630,980.333029
1822,BWC-042-447@06:42.708,980.33278
1823,BWC-042-448@07:05.303,980.33242
1824,BWC-042-449@07:05.388,980.332084
1825,BWC-042-450@07:05.470,980.331736
1826,BWC-042-451@07:05.550,980.331456
1827,BWC-042-452@07:05.634,980.331176
1828,BWC-042-453@07:05.716,980.330896
1829,BWC-042-454@07:05.798,980.330616
1830,BWC-042-455@07:05.881,980.330206
1831,BWC-042-456@07:05.962,980.32992
1832,BWC-042-457@07:06.040,980.329572
1833,BWC-042-458@07:21.665,980.329248
1834,BWC-042-459@07:21.750,980.328913
1835,BWC-042-460@07:21.831,980.328614
1836,BWC-042-461@07:21.912,980.328279
1837,BWC-042-462@07:21.991,980.327999
1838,BWC-042-463@07:22.067,980.327719
1839,BWC-042-464@07:22.148,980.327439
1840,BWC-042-465@07:22.228,980.327128
1841,BWC-042-466@07:22.306,980.326854
1842,BWC-042-467@07:23.691,980.326506
1843,BWC-042-468@07:23.777,980.326245
1844,BWC-042-469@07:23.867,980.325947
1845,BWC-042-470@07:23.948,980.325598
1846,BWC-042-471@07:24.034,980.325126
1847,BWC-042-472@07:24.114,980.324846
1848,BWC-042-473@07:24.197,980.324535
1849,BWC-042-474@07:30.894,980.324262
1850,BWC-042-475@07:31.006,980.323976
1851,BWC-042-476@07:31.113,980.323665
1852,BWC-042-477@07:31.214,980.323242
1853,BWC-042-478@07:31.314,980.322962
1854,BWC-042-479@07:31.415,980.322682
1855,BWC-042-480@07:31.522,980.322402
1856,BWC-042-481@07:31.622,980.322122
1857,BWC-042-482@07:31.728,980.321842
1858,BWC-042-483@07:31.833,980.321562
1859,BWC-042-484@07:37.994,980.321115
1860,BWC-042-485@07:38.075,980.320835
1861,BWC-042-486@07:38.155,980.320555
1862,BWC-042-487@07:38.230,980.320275
1863,BWC-042-488@07:41.641,980.319995
1864,BWC-042-489@07:41.658,980.319572
1865,BWC-042-490@07:41.720,980.319292
1866,BWC-042-491@07:41.742,980.318931
1867,BWC-042-492@07:41.800,980.318651
1868,BWC-042-493@07:41.823,980.318366
1869,BWC-042-494@07:41.877,980.318086
1870,BWC-042-495@07:41.906,980.317806
1871,BWC-042-496@07:41.956,980.317358
1872,BWC-042-497@07:41.989,980.317078
1873,BWC-042-498@07:42.036,980.316718
1874,BWC-042-499@07:42.119,980.316438
1875,BWC-042-500@07:42.201,980.316114
1876,BWC-042-501@07:42.284,980.315791
1877,BWC-042-502@07:42.374,980.315418
1878,BWC-042-503@07:42.458,980.315033
1879,BWC-042-504@07:42.538,980.314753
1880,BWC-042-505@07:42.617,980.314473
1881,BWC-042-506@07:42.687,980.314193
1882,BWC-042-507@07:54.243,980.313758
1883,BWC-042-508@07:54.321,980.313422
1884,BWC-042-509@07:54.397,980.313012
1885,BWC-042-510@07:54.415,980.312676
1886,BWC-042-511@07:54.464,980.312303
1887,BWC-042-512@07:54.504,980.312023
1888,BWC-042-513@07:54.539,980.311638
1889,BWC-042-514@07:54.591,980.311358
1890,BWC-042-515@07:54.677,980.311078
1891,BWC-042-516@07:54.763,980.310798
1892,BWC-042-517@07:54.847,980.310518
1893,BWC-042-518@07:54.931,980.310238
1894,BWC-042-519@07:55.018,980.309958
1895,BWC-042-520@07:55.109,980.309678
1896,BWC-042-521@07:55.202,980.309398
1897,BWC-042-522@07:55.292,980.309118
1898,BWC-042-523@07:55.381,980.308838
1899,BWC-042-524@07:55.473,980.308477
1900,BWC-042-525@07:55.612,980.308055
1901,BWC-042-526@07:55.712,980.307775
1902,BWC-042-527@07:55.792,980.307495
1903,BWC-042-528@08:02.991,980.307109
1904,BWC-042-529@08:03.064,980.306687
1905,BWC-042-530@08:03.137,980.306264
1906,BWC-042-531@08:03.210,980.305984
1907,BWC-042-532@08:03.283,980.305704
1908,BWC-042-533@08:03.357,980.305424
1909,BWC-042-534@08:03.431,980.305001
1910,BWC-042-535@08:03.523,980.304579
1911,BWC-042-536@08:03.610,980.304094
1912,BWC-042-537@08:03.680,980.303814
1913,BWC-042-538@08:03.755,980.303534
1914,BWC-042-539@08:04.880,980.303186
1915,BWC-042-540@08:04.969,980.302838
1916,BWC-042-541@08:05.059,980.302502
1917,BWC-042-542@08:05.101,980.302222
1918,BWC-042-543@08:05.140,980.301936
1919,BWC-042-544@08:05.186,980.301656
1920,BWC-042-545@08:05.228,980.30132
1921,BWC-042-546@08:05.271,980.300835
1922,BWC-042-547@08:05.322,980.300388
1923,BWC-042-548@08:05.356,980.300015
1924,BWC-042-549@08:05.417,980.299543
1925,BWC-042-550@08:05.441,980.299257
1926,BWC-042-551@08:05.513,980.298995
1927,BWC-042-552@08:05.522,980.298685
1928,BWC-042-553@08:05.597,980.29825
1929,BWC-042-554@08:05.605,980.297864
1930,BWC-042-555@08:05.678,980.297367
1931,BWC-042-556@08:05.684,980.297081
1932,BWC-042-557@08:05.767,980.296758
1933,BWC-042-558@08:05.852,980.296385
1934,BWC-042-559@08:14.672,980.296012
1935,BWC-042-560@08:14.746,980.295732
1936,BWC-042-561@08:14.824,980.295452
1937,BWC-042-562@08:14.899,980.295172
1938,BWC-042-563@08:22.010,980.294892
1939,BWC-042-564@08:22.083,980.294482
1940,BWC-042-565@08:22.157,980.294109
1941,BWC-042-566@08:22.230,980.293829
1942,BWC-042-567@08:22.306,980.293549
1943,BWC-042-568@08:22.380,980.293269
1944,BWC-042-569@08:38.938,980.292908
1945,BWC-042-570@08:39.023,980.292628
1946,BWC-042-571@08:39.105,980.292348
1947,BWC-042-572@08:39.272,980.292068
1948,BWC-042-573@08:39.355,980.291788
1949,BWC-042-574@08:48.501,980.291508
1950,BWC-042-575@08:48.589,980.291228
1951,BWC-042-576@12:14.324,980.290948
1952,BWC-042-577@12:14.402,980.290668
1953,BWC-042-578@12:14.486,980.290389
1954,BWC-042-579@12:14.565,980.290108
1955,BWC-042-580@12:14.644,980.289828
1956,BWC-042-581@12:14.726,980.289548
1957,BWC-042-582@12:14.806,980.289268
1958,BWC-042-583@12:14.884,980.288995
1959,BWC-042-584@12:21.333,980.288746
1960,BWC-042-585@12:21.417,980.288466
1961,BWC-042-586@12:21.500,980.288186
1962,BWC-042-587@12:21.582,980.287906
1963,BWC-042-588@12:21.664,980.287626
1964,BWC-042-589@12:21.746,980.287346
1965,BWC-042-590@12:21.832,980.287066
1966,BWC-042-591@12:21.914,980.286792
1967,BWC-042-592@12:25.555,980.286382
1968,BWC-042-593@12:25.648,980.286034
1969,BWC-042-594@12:25.736,980.285673
1970,BWC-042-595@12:25.825,980.285393
1971,BWC-042-596@12:25.919,980.285113
1972,BWC-042-597@12:26.008,980.284833
1973,BWC-042-598@12:26.099,980.284553
1974,BWC-042-599@12:26.192,980.284273
1975,BWC-042-600@12:26.281,980.283993
1976,BWC-042-601@12:26.374,980.283713
1977,BWC-042-602@12:26.465,980.283316
1978,BWC-042-603@12:26.559,980.282992
1979,BWC-042-604@12:34.440,980.282619
1980,BWC-042-605@12:34.528,980.282159
1981,BWC-042-606@12:34.637,980.281873
1982,BWC-042-607@12:34.745,980.281587
1983,BWC-042-608@12:34.851,980.281264
1984,BWC-042-609@12:34.961,980.280754
1985,BWC-042-610@12:35.069,980.280419
1986,BWC-042-611@12:35.185,980.280139
1987,BWC-042-612@12:35.296,980.279859
1988,BWC-042-613@12:35.407,980.279579
1989,BWC-042-614@12:35.518,980.279299
1990,BWC-042-615@12:35.625,980.279019
1991,BWC-042-616@12:35.739,980.278739
1992,BWC-042-617@12:38.446,980.278459
1993,BWC-042-618@12:38.561,980.278136
1994,BWC-042-619@12:38.681,980.277787
1995,BWC-042-620@12:38.801,980.277489
1996,BWC-042-621@12:38.920,980.277215
1997,BWC-042-622@12:39.044,980.276905
1998,BWC-042-623@12:39.190,980.276494
1999,BWC-042-624@12:39.311,980.276196
2000,BWC-042-625@12:39.432,980.275885
2001,BWC-042-626@12:39.664,980.275525
2002,BWC-042-627@12:39.776,980.275152
2003,BWC-042-628@12:39.891,980.274872
2004,BWC-042-629@12:40.006,980.274592
2005,BWC-042-630@12:40.120,980.274312
2006,BWC-042-631@12:40.234,980.274032
2007,BWC-042-632@12:40.351,980.273752
2008,BWC-042-633@12:40.467,980.273472
2009,BWC-042-634@12:40.583,980.273161
2010,BWC-042-635@12:40.699,980.272881
2011,BWC-042-636@12:40.815,980.272601
2012,BWC-042-637@12:40.929,980.27234
2013,BWC-042-638@12:41.047,980.272041
2014,BWC-042-639@12:46.176,980.271768
2015,BWC-042-640@12:46.264,980.271482
2016,BWC-042-641@12:46.359,980.271084
2017,BWC-042-642@12:46.458,980.270804
2018,BWC-042-643@12:46.541,980.270524
2019,BWC-042-644@12:46.626,980.270077
2020,BWC-042-645@12:46.706,980.269617
2021,BWC-042-646@12:46.796,980.269132
2022,BWC-042-647@12:46.885,980.268623
2023,BWC-042-648@12:46.974,980.268343
2024,BWC-042-649@12:47.060,980.267945
2025,BWC-042-650@12:56.480,980.267472
2026,BWC-042-651@12:56.559,980.267211
2027,BWC-042-652@12:56.636,980.266789
2028,BWC-042-653@12:56.716,980.266279
2029,BWC-042-654@12:56.796,980.265906
2030,BWC-042-655@12:56.876,980.265421
2031,BWC-042-656@12:56.956,980.264961
2032,BWC-042-657@12:57.038,980.264513
2033,BWC-042-658@12:57.117,980.264233
2034,BWC-042-659@12:57.199,980.263953
2035,BWC-042-660@12:57.280,980.263593
2036,BWC-042-661@12:59.217,980.263245
2037,BWC-042-662@12:59.295,980.262897
2038,BWC-042-663@12:59.328,980.262536
2039,BWC-042-664@12:59.374,980.262256
2040,BWC-042-665@12:59.458,980.261976
2041,BWC-042-666@12:59.541,980.261696
2042,BWC-042-667@12:59.622,980.261416
2043,BWC-042-668@12:59.706,980.261136
2044,BWC-042-669@12:59.787,980.260776
2045,BWC-042-670@13:00.255,980.260477
2046,BWC-042-671@13:00.385,980.260197
2047,BWC-042-672@13:00.514,980.259762
2048,BWC-042-673@13:00.762,980.259277
2049,BWC-042-674@13:00.881,980.25883
2050,BWC-042-675@13:00.994,980.25855
2051,BWC-042-676@13:01.104,980.25827
2052,BWC-042-677@13:01.222,980.25799
2053,BWC-042-678@13:01.329,980.257567
2054,BWC-042-679@13:01.443,980.257132
2055,BWC-042-680@13:01.553,980.256821
2056,BWC-042-681@13:01.661,980.256473
2057,BWC-042-682@13:01.776,980.256125
2058,BWC-042-683@13:16.332,980.255752
2059,BWC-042-684@13:16.443,980.255472
2060,BWC-042-685@13:16.564,980.255192
2061,BWC-042-686@13:16.696,980.254912
2062,BWC-042-687@13:16.973,980.254632
2063,BWC-042-688@13:25.569,980.254284
2064,BWC-042-689@13:25.671,980.254004
2065,BWC-042-690@13:25.770,980.253724
2066,BWC-042-691@19:51.031,980.253444
2067,BWC-042-692@19:51.117,980.253171
2068,BWC-042-693@19:51.206,980.252798
2069,BWC-042-694@19:51.295,980.252574
2070,BWC-042-695@19:55.261,980.252226
2071,BWC-042-696@19:55.349,980.251927
2072,BWC-042-697@19:55.431,980.251728
2073,BWC-042-698@19:55.518,980.251479
2074,BWC-042-699@19:55.601,980.251181
2075,BWC-042-700@19:55.687,980.250907
2076,BWC-042-701@20:04.625,980.250621
2077,BWC-042-702@20:04.711,980.250335
2078,BWC-042-703@20:04.803,980.250124
2079,BWC-042-704@20:04.906,980.2499
2080,BWC-042-705@20:05.321,980.249527
2081,BWC-042-706@20:05.422,980.249254
2082,BWC-042-707@20:05.531,980.248868
2083,BWC-042-708@20:06.905,980.248594
2084,BWC-042-709@20:06.982,980.248259
2085,BWC-042-710@20:07.072,980.247979
2086,BWC-042-711@20:07.164,980.24768
2087,BWC-042-712@20:17.109,980.2474
2088,BWC-042-713@20:17.212,980.24709
2089,BWC-042-714@20:17.314,980.246853
2090,BWC-042-715@20:18.008,980.24648
2091,BWC-042-716@20:18.099,980.246219
2092,BWC-042-717@20:18.199,980.245871
2093,BWC-042-718@20:18.298,980.24561
2094,BWC-042-719@20:18.531,980.245249
2095,BWC-042-720@20:18.612,980.244976
2096,BWC-042-721@20:18.713,980.244776
2097,BWC-045-1@11:18.519,518.806969
2098,BWC-045-2@11:20.348,518.806688
2099,BWC-045-3@11:20.486,518.806503
2100,BWC-045-4@11:22.560,518.80626
2101,BWC-045-5@11:23.613,518.806066
2102,BWC-045-6@11:23.755,518.805882
2103,BWC-045-7@11:23.898,518.805687
2104,BWC-045-8@11:24.039,518.805454
2105,BWC-045-9@11:27.400,518.805221
2106,BWC-045-10@11:27.984,518.804969
2107,BWC-045-11@11:33.236,518.804746
2108,BWC-045-12@11:33.364,518.80458
2109,BWC-045-13@11:33.488,518.804289
2110,BWC-045-14@11:33.601,518.803998
2111,BWC-045-15@11:34.013,518.803745
2112,BWC-045-16@11:34.142,518.803561
2113,BWC-045-17@11:34.870,518.803337
2114,BWC-045-18@11:34.988,518.803192
2115,BWC-045-19@11:35.339,518.802988
2116,BWC-045-20@11:35.468,518.802832
2117,BWC-045-21@11:35.599,518.802696
2118,BWC-045-22@11:35.742,518.802434
2119,BWC-045-23@11:38.105,518.802162
2120,BWC-045-24@11:38.277,518.801968
2121,BWC-045-25@11:38.446,518.801793
2122,BWC-045-26@11:39.117,518.801628
2123,BWC-045-27@11:39.239,518.801414
2124,BWC-045-28@11:44.596,518.801181
2125,BWC-045-29@11:44.765,518.80089
2126,BWC-045-30@11:49.907,518.800637
2127,BWC-045-31@11:50.023,518.800405
2128,BWC-045-32@11:50.137,518.800191
2129,BWC-045-33@11:50.241,518.799939
2130,BWC-045-34@11:50.343,518.799667
2131,BWC-045-35@11:54.758,518.799434
2132,BWC-045-36@11:54.855,518.799152
2133,BWC-045-37@11:54.977,518.798745
2134,BWC-045-38@12:19.602,518.798443
2135,BWC-045-39@12:19.691,518.798133
2136,BWC-045-40@12:19.778,518.797793
2137,BWC-045-41@12:19.866,518.797405
2138,BWC-045-42@12:19.955,518.796968
2139,BWC-045-43@12:20.046,518.796483
2140,BWC-045-44@12:20.238,518.796172
2141,BWC-045-45@12:20.333,518.795725
2142,BWC-045-46@12:20.423,518.79524
2143,BWC-045-47@12:20.514,518.794755
2144,BWC-045-48@12:20.602,518.794357
2145,BWC-045-49@12:20.685,518.793988
2146,BWC-045-50@12:20.771,518.79359
2147,BWC-045-51@12:20.864,518.793192
2148,BWC-045-52@12:20.957,518.792775
2149,BWC-045-53@12:21.047,518.792416
2150,BWC-045-54@12:21.145,518.792047
2151,BWC-045-55@12:21.239,518.791649
2152,BWC-045-56@12:34.464,518.791251
2153,BWC-045-57@12:34.592,518.791028
2154,BWC-045-58@12:34.724,518.790659
2155,BWC-045-59@12:34.861,518.790251
2156,BWC-045-60@12:34.999,518.789824
2157,BWC-045-61@12:36.114,518.789436
2158,BWC-045-62@12:36.243,518.789096
2159,BWC-045-63@12:36.364,518.788698
2160,BWC-045-64@12:36.483,518.788281
2161,BWC-045-65@12:51.467,518.787912
2162,BWC-045-66@12:51.605,518.787475
2163,BWC-045-67@12:51.736,518.787077
2164,BWC-045-68@12:51.874,518.786621
2165,BWC-045-69@12:59.060,518.786311
2166,BWC-045-70@12:59.172,518.786097
2167,BWC-045-71@12:59.381,518.785922
2168,BWC-045-72@12:59.500,518.785718
2169,BWC-045-73@12:59.642,518.785485
2170,BWC-045-74@14:37.230,518.785262
2171,BWC-045-75@14:37.409,518.785019
2172,BWC-045-76@14:37.587,518.7848
2173,BWC-045-77@14:37.762,518.78458
2174,BWC-045-78@14:37.937,518.784338
2175,BWC-045-79@14:38.113,518.784038
2176,BWC-045-80@14:38.290,518.783795
2177,BWC-045-81@14:38.476,518.783564
2178,BWC-045-82@14:38.837,518.783391
2179,BWC-045-83@14:39.023,518.78316
2180,BWC-045-84@14:39.203,518.782941
2181,BWC-045-85@14:39.380,518.782756
2182,BWC-045-86@14:39.565,518.782548
2183,BWC-045-87@14:40.667,518.782329
2184,BWC-045-88@14:40.844,518.782086
2185,BWC-045-89@14:41.217,518.781867
2186,BWC-045-90@14:41.405,518.781624
2187,BWC-045-91@14:41.598,518.781416
2188,BWC-045-92@14:41.783,518.781266
2189,BWC-045-93@14:41.964,518.781116
2190,BWC-045-94@14:42.152,518.780954
2191,BWC-045-95@14:42.522,518.780781
2192,BWC-045-96@14:44.515,518.780608
2193,BWC-045-97@14:44.644,518.780411
2194,BWC-045-98@14:44.783,518.780203
2195,BWC-045-99@14:45.114,518.779995
2196,BWC-045-100@14:45.369,518.779857
2197,BWC-045-101@14:50.181,518.779637
2198,BWC-045-102@15:28.905,518.779395
2199,BWC-045-103@15:29.172,518.779222
2200,BWC-045-104@15:29.478,518.778968
2201,BWC-045-105@15:29.840,518.778771
2202,BWC-045-106@15:30.168,518.778563
2203,BWC-045-107@15:30.496,518.778286
2204,BWC-045-108@15:30.824,518.778055
2205,BWC-045-109@15:31.131,518.777859
2206,BWC-045-110@15:31.435,518.777663
2207,BWC-045-111@15:31.787,518.777409
2208,BWC-045-112@15:32.072,518.777166
2209,BWC-045-113@15:32.382,518.776889
2210,BWC-045-114@15:32.668,518.776647
2211,BWC-045-115@15:32.946,518.776346
2212,BWC-045-116@15:33.222,518.776104
2213,BWC-045-117@15:33.511,518.775758
2214,BWC-045-118@15:33.804,518.775388
2215,BWC-045-119@15:34.085,518.775042
2216,BWC-045-120@15:34.373,518.774788
2217,BWC-045-121@15:34.737,518.774546
2218,BWC-045-122@15:35.025,518.774257
2219,BWC-045-123@15:35.260,518.774026
2220,BWC-045-124@15:35.525,518.773807
2221,BWC-045-125@15:35.968,518.773576
2222,BWC-045-126@15:36.198,518.773391
2223,BWC-045-127@15:36.452,518.773183
2224,BWC-045-128@15:36.722,518.772918
2225,BWC-045-129@15:37.001,518.772629
2226,BWC-045-130@15:37.278,518.772271
2227,BWC-045-131@15:37.546,518.771948
2228,BWC-045-132@15:37.805,518.77159
2229,BWC-045-133@15:38.072,518.77122
2230,BWC-045-134@15:38.347,518.770886
2231,BWC-045-135@15:38.623,518.770585
2232,BWC-045-136@15:38.891,518.770297
2233,BWC-045-137@15:39.159,518.769973
2234,BWC-045-138@15:39.430,518.769662
2235,BWC-045-139@15:39.699,518.769338
2236,BWC-045-140@15:39.966,518.769061
2237,BWC-045-141@15:41.314,518.768807
2238,BWC-045-142@15:41.570,518.768611
2239,BWC-045-143@15:41.832,518.768334
2240,BWC-045-144@15:42.086,518.768022
2241,BWC-045-145@15:42.335,518.767676
2242,BWC-045-146@15:42.582,518.767352
2243,BWC-045-147@15:42.836,518.767099
2244,BWC-045-148@15:43.082,518.766821
2245,BWC-045-149@15:43.342,518.76659
2246,BWC-045-150@15:43.599,518.766348
2247,BWC-045-151@15:43.861,518.766105
2248,BWC-045-152@15:44.109,518.765817
2249,BWC-045-153@15:44.354,518.765551
2250,BWC-045-154@15:44.510,518.765309
2251,BWC-045-155@15:45.236,518.765032
2252,BWC-045-156@15:45.444,518.764824
2253,BWC-045-157@15:45.669,518.764593
2254,BWC-045-158@15:45.903,518.764281
2255,BWC-045-159@15:46.140,518.764027
2256,BWC-045-160@15:46.383,518.763738
2257,BWC-045-161@15:46.629,518.763542
2258,BWC-045-162@15:46.877,518.763288
2259,BWC-045-163@15:47.117,518.763057
2260,BWC-045-164@15:47.346,518.762849
2261,BWC-045-165@15:47.563,518.76263
2262,BWC-045-166@15:49.133,518.762399
2263,BWC-045-167@15:49.334,518.762145
2264,BWC-045-168@15:49.547,518.761879
2265,BWC-045-169@15:49.769,518.761648
2266,BWC-045-170@15:49.990,518.761452
2267,BWC-045-171@15:50.212,518.761232
2268,BWC-045-172@15:50.439,518.760967
2269,BWC-045-173@15:50.656,518.760759
2270,BWC-045-174@15:50.873,518.760551
2271,BWC-045-175@15:51.091,518.760343
2272,BWC-045-176@15:51.309,518.760008
2273,BWC-045-177@15:51.519,518.75972
2274,BWC-045-178@15:51.731,518.759443
2275,BWC-045-179@15:51.943,518.759223
2276,BWC-045-180@15:52.155,518.758981
2277,BWC-045-181@15:52.363,518.758773
2278,BWC-045-182@15:52.574,518.758507
2279,BWC-045-183@15:52.780,518.758219
2280,BWC-045-184@15:52.991,518.757942
