id,lat,lon
1,28.016433,-16.02785
2,28.016433,-16.02785
3,28.016433,-16.02785
4,28.016433,-16.02785
5,28.016433,-16.02785
6,28.016433,-16.02785
7,28.016433,-16.02785
8,28.016433,-16.02785
9,28.016433,-16.02785
10,28.016433,-16.02785
11,28.016433,-16.02785
12,28.016433,-16.02785
13,28.016433,-16.02785
14,28.016433,-16.02785
15,28.016433,-16.02785
16,28.016433,-16.02785
17,28.016433,-16.02785
18,28.016433,-16.02785
19,28.016433,-16.02785
20,28.016433,-16.02785
21,28.016433,-16.02785
22,28.016433,-16.02785
23,28.016433,-16.02785
24,28.016433,-16.02785
25,28.016433,-16.02785
26,28.016433,-16.02785
27,28.016433,-16.02785
28,28.016433,-16.02785
29,28.016433,-16.02785
30,28.016433,-16.02785
31,28.016433,-16.02785
32,28.016433,-16.02785
33,28.016433,-16.02785
34,28.016433,-16.02785
35,28.016433,-16.02785
36,28.016433,-16.02785
37,28.016433,-16.02785
38,28.016433,-16.02785
39,28.016433,-16.02785
40,28.016433,-16.02785
41,28.016433,-16.02785
42,28.016433,-16.02785
43,28.016433,-16.02785
44,28.016433,-16.02785
45,28.016433,-16.02785
46,28.016433,-16.02785
47,28.016433,-16.02785
48,28.016433,-16.02785
49,28.016433,-16.02785
50,28.016433,-16.02785
51,28.016433,-16.02785
52,28.016433,-16.02785
53,28.016434,-16.02785
54,28.016434,-16.02785
55,28.016434,-16.02785
56,28.016434,-16.02785
57,28.016434,-16.02785
58,28.016434,-16.02785
59,28.016434,-16.02785
60,28.016434,-16.02785
61,28.016434,-16.02785
62,28.016434,-16.02785
63,28.016434,-16.02785
64,28.016434,-16.02785
65,28.016434,-16.02785
66,28.016434,-16.02785
67,28.016434,-16.02785
68,28.016434,-16.02785
69,28.016434,-16.02785
70,28.016434,-16.02785
71,28.016434,-16.02785
72,28.016434,-16.02785
73,28.016434,-16.02785
74,28.016434,-16.02785
75,28.016434,-16.02785
76,28.016434,-16.02785
77,28.016434,-16.02785
78,28.016434,-16.02785
79,28.016434,-16.02785
80,28.016434,-16.02785
81,28.016434,-16.02785
82,28.016434,-16.02785
83,28.016434,-16.02785
84,28.016434,-16.02785
85,28.016434,-16.02785
86,28.016434,-16.02785
87,28.016434,-16.02785
88,28.016434,-16.02785
89,28.016434,-16.02785
90,28.016434,-16.02785
91,28.016434,-16.02785
92,28.016434,-16.02785
93,28.016434,-16.02785
94,28.016434,-16.02785
95,28.016434,-16.02785
96,28.016434,-16.02785
97,28.016434,-16.02785
98,28.016434,-16.02785
99,28.016434,-16.02785
100,28.016434,-16.02785
101,28.016434,-16.02785
102,28.016434,-16.02785
103,28.016434,-16.02785
104,28.016434,-16.02785
105,28.016434,-16.02785
106,28.016434,-16.027849
107,28.016434,-16.027849
108,28.016434,-16.027849
109,28.016434,-16.027849
110,28.016434,-16.027849
111,28.016434,-16.027849
112,28.016434,-16.027849
113,28.016434,-16.027849
114,28.016434,-16.027849
115,28.016434,-16.027849
116,28.016434,-16.027849
117,28.016434,-16.027849
118,28.016434,-16.027849
119,28.016434,-16.027849
120,28.016434,-16.027849
121,28.016434,-16.027849
122,28.016434,-16.027849
123,28.016434,-16.027849
124,28.016434,-16.027849
125,28.016434,-16.027849
126,28.016434,-16.027849
127,28.016434,-16.027849
128,28.016434,-16.027849
129,28.016434,-16.027849
130,28.016434,-16.027849
131,28.016434,-16.027849
132,28.016434,-16.027849
133,28.016434,-16.027849
134,28.016434,-16.027849
135,28.016434,-16.027849
136,28.016434,-16.027849
137,28.016434,-16.027849
138,28.016434,-16.027849
139,28.016434,-16.027849
140,28.016434,-16.027849
141,28.016434,-16.027849
142,28.016434,-16.027849
143,28.016434,-16.027849
144,28.016434,-16.027849
145,28.016434,-16.027849
146,28.016434,-16.027849
147,28.016434,-16.027849
148,28.016434,-16.027849
149,28.016434,-16.027849
150,28.016434,-16.027849
151,28.016434,-16.027849
152,28.016434,-16.027849
153,28.016434,-16.027849
154,28.016434,-16.027849
155,28.016434,-16.027849
156,28.016434,-16.027849
157,28.016434,-16.027849
158,28.016434,-16.027849
159,28.016434,-16.027849
160,28.016434,-16.027849
161,28.016434,-16.027849
162,28.016434,-16.027849
163,28.016434,-16.027849
164,28.016434,-16.027849
165,28.016434,-16.027849
166,28.016434,-16.027849
167,28.016434,-16.027849
168,28.016434,-16.027849
169,28.016434,-16.027849
170,28.016434,-16.027849
171,28.016434,-16.027849
172,28.016434,-16.027849
173,28.016434,-16.027849
174,28.016434,-16.027849
175,28.016434,-16.027849
176,28.016434,-16.027849
177,28.016434,-16.027849
178,28.016434,-16.027849
179,28.016434,-16.027849
180,28.016434,-16.027849
181,28.016434,-16.027849
182,28.016434,-16.027849
183,28.016434,-16.027849
184,28.016434,-16.027849
185,28.016434,-16.027849
186,28.016434,-16.027849
187,28.016434,-16.027849
188,28.016434,-16.027849
189,28.016434,-16.027849
190,28.016434,-16.027849
191,28.016434,-16.027849
192,28.016434,-16.027849
193,28.016434,-16.027849
194,28.016434,-16.027849
195,28.016434,-16.027849
196,28.016434,-16.027849
197,28.016434,-16.027849
198,28.016434,-16.027849
199,28.016434,-16.027849
200,28.016434,-16.027849
201,28.016434,-16.027849
202,28.016434,-16.027849
203,28.016434,-16.027849
204,28.016434,-16.027849
205,28.016434,-16.027849
206,28.016434,-16.027849
207,28.016434,-16.027849
208,28.016434,-16.027849
209,27.971533,-16.149069
210,27.971533,-16.149069
211,27.971533,-16.149069
212,27.971533,-16.149069
213,27.971533,-16.149069
214,27.971533,-16.149069
215,27.971533,-16.149069
216,27.971533,-16.149069
217,27.971533,-16.149069
218,27.971533,-16.149069
219,27.971533,-16.149069
220,27.971533,-16.149069
221,27.971533,-16.149069
222,27.971533,-16.149069
223,27.971533,-16.149069
224,27.971533,-16.149069
225,27.971533,-16.149069
226,27.971533,-16.149069
227,27.971533,-16.149069
228,27.971533,-16.149069
229,27.971533,-16.149069
230,27.971533,-16.149069
231,27.971533,-16.149069
232,27.971533,-16.149069
233,27.971533,-16.149069
234,27.971533,-16.149069
235,27.971533,-16.149069
236,27.971533,-16.149069
237,27.971533,-16.149069
238,27.971533,-16.149069
239,27.971533,-16.149069
240,27.971533,-16.149068
241,27.971533,-16.149068
242,27.971533,-16.149068
243,27.971533,-16.149068
244,27.971533,-16.149068
245,27.971533,-16.149068
246,27.971533,-16.149068
247,27.971533,-16.149068
248,27.971533,-16.149068
249,27.971533,-16.149068
250,27.971533,-16.149068
251,27.971533,-16.149068
252,27.971533,-16.149068
253,27.971533,-16.149068
254,27.971533,-16.149068
255,27.971533,-16.149068
256,27.971533,-16.149068
257,27.971533,-16.149068
258,27.971533,-16.149068
259,27.971533,-16.149068
260,27.971533,-16.149068
261,27.971533,-16.149068
262,27.971533,-16.149068
263,27.971533,-16.149068
264,27.971533,-16.149068
265,27.971533,-16.149068
266,27.971533,-16.149068
267,27.971533,-16.149068
268,27.971533,-16.149068
269,27.971533,-16.149068
270,27.971533,-16.149068
271,27.971533,-16.149068
272,27.971533,-16.149068
273,27.971533,-16.149068
274,27.971533,-16.149068
275,27.97235,-16.143716
276,27.97235,-16.143716
277,27.97235,-16.143716
278,27.97235,-16.143716
279,27.97235,-16.143716
280,27.97235,-16.143716
281,27.97235,-16.143716
282,27.97235,-16.143716
283,27.97235,-16.143716
284,27.97235,-16.143716
285,27.97235,-16.143716
286,27.97235,-16.143716
287,27.97235,-16.143716
288,27.97235,-16.143716
289,27.97235,-16.143716
290,27.97235,-16.143716
291,27.97235,-16.143716
292,27.97235,-16.143716
293,27.97235,-16.143716
294,27.97235,-16.143716
295,27.97235,-16.143716
296,27.97235,-16.143716
297,27.97235,-16.143716
298,27.97235,-16.143716
299,27.97235,-16.143716
300,27.97235,-16.143716
301,27.97235,-16.143716
302,27.97235,-16.143716
303,27.97235,-16.143716
304,27.97235,-16.143716
305,27.97235,-16.143716
306,27.97235,-16.143716
307,27.97235,-16.143716
308,27.97235,-16.143716
309,27.97235,-16.143716
310,27.97235,-16.143716
311,27.97235,-16.143716
312,27.97235,-16.143716
313,27.97235,-16.143716
314,27.97235,-16.143716
315,27.97235,-16.143716
316,27.97235,-16.143716
317,27.97235,-16.143716
318,27.97235,-16.143716
319,27.97235,-16.143716
320,27.97235,-16.143716
321,27.97235,-16.143716
322,27.97235,-16.143716
323,27.97235,-16.143716
324,27.97235,-16.143716
325,27.97235,-16.143716
326,27.97235,-16.143716
327,27.97235,-16.143716
328,27.97235,-16.143716
329,27.97235,-16.143716
330,27.97235,-16.143716
331,27.97235,-16.143716
332,27.97235,-16.143716
333,27.97235,-16.143716
334,27.97235,-16.143716
335,27.97235,-16.143716
336,27.97235,-16.143716
337,27.97235,-16.143716
338,27.97235,-16.143716
339,27.97235,-16.143716
340,27.97235,-16.143716
341,27.97235,-16.143716
342,27.97235,-16.143716
343,27.97235,-16.143716
344,27.97235,-16.143716
345,27.97235,-16.143716
346,27.97235,-16.143716
347,27.97235,-16.143716
348,27.97235,-16.143716
349,27.97235,-16.143716
350,27.97235,-16.143716
351,27.97235,-16.143716
352,27.97235,-16.143716
353,27.97235,-16.143716
354,27.97235,-16.143716
355,27.97235,-16.143716
356,27.97235,-16.143716
357,27.97235,-16.143716
358,27.97235,-16.143716
359,27.97235,-16.143716
360,27.97235,-16.143716
361,27.97235,-16.143716
362,27.97235,-16.143716
363,27.97235,-16.143716
364,27.97235,-16.143716
365,27.97235,-16.143716
366,27.97235,-16.143716
367,27.97235,-16.143716
368,27.97235,-16.143716
369,27.97235,-16.143716
370,27.97235,-16.143716
371,27.97235,-16.143716
372,27.97235,-16.143716
373,27.97235,-16.143716
374,27.97235,-16.143716
375,27.97235,-16.143716
376,27.97235,-16.143716
377,27.97235,-16.143716
378,27.97235,-16.143716
379,27.97235,-16.143716
380,27.97235,-16.143716
381,27.97235,-16.143716
382,27.97235,-16.143716
383,27.97235,-16.143716
384,27.97235,-16.143716
385,27.97235,-16.143716
386,27.97235,-16.143716
387,27.97235,-16.143716
388,27.97235,-16.143716
389,27.97235,-16.143716
390,27.97235,-16.143716
391,27.97235,-16.143716
392,27.97235,-16.143716
393,27.97235,-16.143716
394,27.97235,-16.143716
395,27.97235,-16.143716
396,27.97235,-16.143716
397,27.97235,-16.143716
398,27.97235,-16.143716
399,27.97235,-16.143716
400,27.97235,-16.143716
401,27.97235,-16.143716
402,27.97235,-16.143716
403,27.97235,-16.143716
404,27.97235,-16.143715
405,27.97235,-16.143715
406,27.97235,-16.143715
407,27.97235,-16.143715
408,27.97235,-16.143715
409,27.97235,-16.143715
410,27.97235,-16.143715
411,27.97235,-16.143715
412,27.97235,-16.143715
413,27.97235,-16.143715
414,27.97235,-16.143715
415,27.97235,-16.143715
416,27.97235,-16.143715
417,27.97235,-16.143715
418,27.97235,-16.143715
419,27.97235,-16.143715
420,27.97235,-16.143715
421,27.97235,-16.143715
422,27.97235,-16.143715
423,27.97235,-16.143715
424,27.97235,-16.143715
425,27.97235,-16.143715
426,27.97235,-16.143715
427,27.97235,-16.143715
428,27.97235,-16.143715
429,27.97235,-16.143715
430,27.97235,-16.143715
431,27.97235,-16.143715
432,27.97235,-16.143715
433,27.97235,-16.143715
434,27.97235,-16.143715
435,27.97235,-16.143715
436,27.97235,-16.143715
437,27.97235,-16.143715
438,27.97235,-16.143715
439,27.97235,-16.143715
440,27.97235,-16.143715
441,27.97235,-16.143715
442,27.97235,-16.143715
443,27.97235,-16.143715
444,27.97235,-16.143715
445,27.97235,-16.143715
446,27.97235,-16.143715
447,27.97235,-16.143715
448,27.97235,-16.143715
449,27.97235,-16.143715
450,27.97235,-16.143715
451,27.97235,-16.143715
452,27.97235,-16.143715
453,27.97235,-16.143715
454,27.97235,-16.143715
455,27.97235,-16.143715
456,27.97235,-16.143715
457,27.97235,-16.143715
458,27.97235,-16.143715
459,27.97235,-16.143715
460,27.97235,-16.143715
461,27.97235,-16.143715
462,27.97235,-16.143715
463,27.97235,-16.143715
464,27.97235,-16.143715
465,27.97235,-16.143715
466,27.97235,-16.143715
467,27.97235,-16.143715
468,27.97235,-16.143715
469,27.97235,-16.143715
470,27.97235,-16.143715
471,27.97235,-16.143715
472,27.97235,-16.143715
473,27.97235,-16.143715
474,27.97235,-16.143715
475,27.97235,-16.143715
476,27.97235,-16.143715
477,27.97235,-16.143715
478,27.97235,-16.143715
479,27.97235,-16.143715
480,27.97235,-16.143715
481,27.97235,-16.143715
482,27.97235,-16.143715
483,27.97235,-16.143715
484,27.97235,-16.143715
485,27.97235,-16.143715
486,27.97235,-16.143715
487,27.97235,-16.143715
488,27.97235,-16.143715
489,27.97235,-16.143715
490,27.97235,-16.143715
491,27.97235,-16.143715
492,27.97235,-16.143715
493,27.97235,-16.143715
494,27.97235,-16.143715
495,27.97235,-16.143715
496,27.97235,-16.143715
497,27.97235,-16.143715
498,27.97235,-16.143715
499,27.97235,-16.143715
500,27.97235,-16.143715
501,27.97235,-16.143715
502,27.97235,-16.143715
503,27.97235,-16.143715
504,27.97235,-16.143715
505,27.97235,-16.143715
506,27.97235,-16.143715
507,27.97235,-16.143715
508,27.97235,-16.143715
509,27.97235,-16.143715
510,27.97235,-16.143715
511,27.97235,-16.143715
512,27.97235,-16.143715
513,27.97235,-16.143715
514,27.97235,-16.143715
515,27.97235,-16.143715
516,27.97235,-16.143715
517,27.97235,-16.143715
518,27.97235,-16.143715
519,27.97235,-16.143715
520,27.97235,-16.143715
521,27.97235,-16.143715
522,27.97235,-16.143715
523,27.97235,-16.143715
524,27.97235,-16.143715
525,27.97235,-16.143715
526,27.97235,-16.143715
527,27.97235,-16.143715
528,27.97235,-16.143715
529,27.97235,-16.143715
530,27.97235,-16.143715
531,27.97235,-16.143715
532,27.97235,-16.143715
533,27.97235,-16.143715
534,27.97235,-16.143715
535,27.97235,-16.143715
536,27.97235,-16.143715
537,27.97235,-16.143715
538,27.97235,-16.143715
539,27.97235,-16.143715
540,27.97235,-16.143715
541,27.97235,-16.143715
542,27.97235,-16.143715
543,27.97235,-16.143715
544,27.97235,-16.143715
545,27.97235,-16.143715
546,27.97235,-16.143715
547,27.97235,-16.143715
548,27.97235,-16.143715
549,27.97235,-16.143715
550,27.97235,-16.143715
551,27.97235,-16.143715
552,27.97235,-16.143715
553,27.97235,-16.143715
554,27.97235,-16.143715
555,27.97235,-16.143715
556,27.97235,-16.143715
557,27.97235,-16.143715
558,27.97235,-16.143715
559,27.97235,-16.143715
560,27.97235,-16.143715
561,27.97235,-16.143715
562,27.97235,-16.143715
563,27.97235,-16.143715
564,27.97235,-16.143715
565,27.97235,-16.143715
566,27.97235,-16.143715
567,27.97235,-16.143715
568,27.97235,-16.143715
569,27.97235,-16.143715
570,27.97235,-16.143715
571,27.97235,-16.143715
572,27.97235,-16.143715
573,27.97235,-16.143715
574,27.97235,-16.143715
575,27.97235,-16.143715
576,27.97235,-16.143715
577,27.97235,-16.143715
578,27.97235,-16.143715
579,27.97235,-16.143715
580,27.97235,-16.143715
581,27.97235,-16.143715
582,27.97235,-16.143715
583,27.97235,-16.143715
584,27.97235,-16.143715
585,27.97235,-16.143715
586,27.97235,-16.143715
587,27.97235,-16.143715
588,27.97235,-16.143715
589,27.97235,-16.143715
590,27.97235,-16.143715
591,27.97235,-16.143715
592,27.97235,-16.143715
593,27.97235,-16.143715
594,27.97235,-16.143715
595,27.97235,-16.143715
596,27.97235,-16.143715
597,27.97235,-16.143715
598,27.97235,-16.143715
599,27.97235,-16.143715
600,27.97235,-16.143715
601,27.97235,-16.143715
602,27.97235,-16.143715
603,27.97235,-16.143715
604,27.97235,-16.143715
605,27.97235,-16.143715
606,27.97235,-16.143715
607,27.97235,-16.143715
608,27.97235,-16.143715
609,27.97235,-16.143715
610,27.97235,-16.143715
611,27.97235,-16.143715
612,27.97235,-16.143714
613,27.97235,-16.143714
614,27.97235,-16.143714
615,27.97235,-16.143714
616,27.97235,-16.143714
617,27.97235,-16.143714
618,27.97235,-16.143714
619,27.97235,-16.143714
620,27.97235,-16.143714
621,27.97235,-16.143714
622,27.97235,-16.143714
623,27.97235,-16.143714
624,27.97235,-16.143714
625,27.97235,-16.143714
626,27.97235,-16.143714
627,27.97235,-16.143714
628,27.97235,-16.143714
629,27.97235,-16.143714
630,27.97235,-16.143714
631,27.97235,-16.143714
632,27.97235,-16.143714
633,27.97235,-16.143714
634,27.97235,-16.143714
635,27.97235,-16.143714
636,27.97235,-16.143714
637,27.97235,-16.143714
638,27.97235,-16.143714
639,27.97235,-16.143714
640,27.97235,-16.143714
641,27.97235,-16.143714
642,27.97235,-16.143714
643,27.97235,-16.143714
644,27.97235,-16.143714
645,27.97235,-16.143714
646,27.97235,-16.143714
647,27.97235,-16.143714
648,27.97235,-16.143714
649,27.97235,-16.143714
650,27.97235,-16.143714
651,27.97235,-16.143714
652,27.97235,-16.143714
653,27.97235,-16.143714
654,27.97235,-16.143714
655,27.97235,-16.143714
656,27.97235,-16.143714
657,27.97235,-16.143714
658,27.97235,-16.143714
659,27.97235,-16.143714
660,27.97235,-16.143714
661,27.97235,-16.143714
662,27.97235,-16.143714
663,27.97235,-16.143714
664,27.97235,-16.143714
665,27.97235,-16.143714
666,27.97235,-16.143714
667,27.97235,-16.143714
668,27.97235,-16.143714
669,27.97235,-16.143714
670,27.97235,-16.143714
671,27.97235,-16.143714
672,27.97235,-16.143714
673,27.97235,-16.143714
674,27.97235,-16.143714
675,27.97235,-16.143714
676,27.97235,-16.143714
677,27.97235,-16.143714
678,27.97235,-16.143714
679,27.97235,-16.143714
680,27.97235,-16.143714
681,27.97235,-16.143714
682,27.97235,-16.143714
683,27.97235,-16.143714
684,27.97235,-16.143714
685,27.97235,-16.143714
686,27.97235,-16.143714
687,27.97235,-16.143714
688,27.97235,-16.143714
689,27.97235,-16.143714
690,27.97235,-16.143714
691,27.97235,-16.143714
692,27.97235,-16.143714
693,27.97235,-16.143714
694,27.97235,-16.143714
695,27.97235,-16.143714
696,27.97235,-16.143714
697,27.97235,-16.143714
698,27.97235,-16.143714
699,27.97235,-16.143714
700,27.97235,-16.143714
701,27.97235,-16.143714
702,27.97235,-16.143714
703,27.97235,-16.143714
704,27.97235,-16.143714
705,27.97235,-16.143714
706,27.97235,-16.143714
707,27.97235,-16.143714
708,27.97235,-16.143714
709,27.97235,-16.143714
710,27.97235,-16.143714
711,27.97235,-16.143714
712,27.97235,-16.143714
713,27.97235,-16.143714
714,27.97235,-16.143714
715,27.97235,-16.143714
716,27.97235,-16.143714
717,27.97235,-16.143714
718,27.97235,-16.143714
719,27.97235,-16.143714
720,27.97235,-16.143714
721,27.97235,-16.143714
722,27.97235,-16.143714
723,27.97235,-16.143714
724,27.97235,-16.143714
725,27.97235,-16.143714
726,27.97235,-16.143714
727,27.97235,-16.143714
728,27.97235,-16.143714
729,27.97235,-16.143714
730,27.97235,-16.143714
731,27.97235,-16.143714
732,27.97235,-16.143714
733,27.97235,-16.143714
734,27.97235,-16.143714
735,27.97235,-16.143714
736,27.97235,-16.143714
737,27.97235,-16.143714
738,27.97235,-16.143714
739,27.97235,-16.143714
740,27.97235,-16.143714
741,27.97235,-16.143714
742,27.97235,-16.143714
743,27.97235,-16.143714
744,27.97235,-16.143714
745,27.97235,-16.143714
746,27.97235,-16.143714
747,27.97235,-16.143714
748,27.97235,-16.143714
749,27.97235,-16.143714
750,27.97235,-16.143714
751,27.97235,-16.143714
752,27.97235,-16.143714
753,27.97235,-16.143714
754,27.97235,-16.143714
755,27.97235,-16.143714
756,27.97235,-16.143714
757,27.97235,-16.143714
758,27.97235,-16.143714
759,27.97235,-16.143714
760,27.97235,-16.143714
761,27.97235,-16.143714
762,27.97235,-16.143714
763,27.97235,-16.143714
764,27.97235,-16.143714
765,27.97235,-16.143714
766,27.97235,-16.143714
767,27.97235,-16.143714
768,27.97235,-16.143714
769,27.97235,-16.143714
770,27.97235,-16.143714
771,27.97235,-16.143714
772,27.97235,-16.143714
773,27.97235,-16.143714
774,27.97235,-16.143714
775,27.97235,-16.143714
776,27.97235,-16.143714
777,27.97235,-16.143714
778,27.97235,-16.143714
779,27.97235,-16.143714
780,27.97235,-16.143714
781,27.97235,-16.143714
782,27.97235,-16.143714
783,27.97235,-16.143714
784,27.97235,-16.143714
785,27.97235,-16.143714
786,27.97235,-16.143714
787,27.97235,-16.143714
788,27.97235,-16.143714
789,27.97235,-16.143714
790,27.97235,-16.143714
791,27.97235,-16.143714
792,27.97235,-16.143714
793,27.97235,-16.143714
794,27.97235,-16.143714
795,27.97235,-16.143714
796,27.97235,-16.143714
797,27.97235,-16.143714
798,27.97235,-16.143714
799,27.97235,-16.143714
800,27.97235,-16.143714
801,27.97235,-16.143714
802,27.97235,-16.143714
803,27.97235,-16.143714
804,27.97235,-16.143714
805,27.97235,-16.143714
806,27.97235,-16.143714
807,27.97235,-16.143714
808,27.97235,-16.143714
809,27.97235,-16.143714
810,27.97235,-16.143714
811,27.97235,-16.143714
812,27.97235,-16.143714
813,27.97235,-16.143714
814,27.97235,-16.143714
815,27.97235,-16.143714
816,27.97235,-16.143714
817,27.97235,-16.143714
818,27.97235,-16.143714
819,27.97235,-16.143714
820,27.97235,-16.143714
821,27.97235,-16.143714
822,27.97235,-16.143713
823,27.97235,-16.143713
824,27.97235,-16.143713
825,27.97235,-16.143713
826,27.97235,-16.143713
827,27.97235,-16.143713
828,27.97235,-16.143713
829,27.97235,-16.143713
830,27.97235,-16.143713
831,27.97235,-16.143713
832,27.97235,-16.143713
833,27.97235,-16.143713
834,27.97235,-16.143713
835,27.97235,-16.143713
836,27.97235,-16.143713
837,27.97235,-16.143713
838,27.97235,-16.143713
839,27.97235,-16.143713
840,27.97235,-16.143713
841,27.97235,-16.143713
842,27.97235,-16.143713
843,27.97235,-16.143713
844,27.97235,-16.143713
845,27.97235,-16.143713
846,27.97235,-16.143713
847,27.97235,-16.143713
848,27.97235,-16.143713
849,27.97235,-16.143713
850,27.97235,-16.143713
851,27.97235,-16.143713
852,27.97235,-16.143713
853,27.97235,-16.143713
854,27.97235,-16.143713
855,27.97235,-16.143713
856,27.97235,-16.143713
857,27.97235,-16.143713
858,27.97235,-16.143713
859,27.97235,-16.143713
860,27.97235,-16.143713
861,27.97235,-16.143713
862,27.97235,-16.143713
863,27.97235,-16.143713
864,27.97235,-16.143713
865,27.97235,-16.143713
866,27.97235,-16.143713
867,27.97235,-16.143713
868,27.97235,-16.143713
869,27.97235,-16.143713
870,27.97235,-16.143713
871,27.97235,-16.143713
872,27.97235,-16.143713
873,27.97235,-16.143713
874,27.97235,-16.143713
875,27.97235,-16.143713
876,27.97235,-16.143713
877,27.97235,-16.143713
878,27.97235,-16.143713
879,27.97235,-16.143713
880,27.97235,-16.143713
881,27.97235,-16.143713
882,27.97235,-16.143713
883,27.97235,-16.143713
884,27.97235,-16.143713
885,27.97235,-16.143713
886,27.97235,-16.143713
887,27.97235,-16.143713
888,27.97235,-16.143713
889,27.97235,-16.143713
890,27.97235,-16.143713
891,27.97235,-16.143713
892,27.97235,-16.143713
893,27.97235,-16.143713
894,27.97235,-16.143713
895,27.97235,-16.143713
896,27.97235,-16.143713
897,27.97235,-16.143713
898,27.97235,-16.143713
899,27.97235,-16.143713
900,27.97235,-16.143713
901,27.97235,-16.143713
902,27.97235,-16.143713
903,27.97235,-16.143713
904,27.97235,-16.143713
905,27.97235,-16.143713
906,27.97235,-16.143713
907,27.97235,-16.143713
908,27.97235,-16.143713
909,27.97235,-16.143713
910,27.97235,-16.143713
911,27.97235,-16.143713
912,27.97235,-16.143713
913,27.97235,-16.143713
914,27.97235,-16.143713
915,27.97235,-16.143713
916,27.97235,-16.143713
917,27.97235,-16.143713
918,27.97235,-16.143713
919,27.97235,-16.143713
920,27.97235,-16.143713
921,27.97235,-16.143713
922,27.97235,-16.143713
923,27.97235,-16.143713
924,27.97235,-16.143713
925,27.97235,-16.143713
926,27.97235,-16.143713
927,27.97235,-16.143713
928,27.97235,-16.143713
929,27.97235,-16.143713
930,27.97235,-16.143713
931,27.97235,-16.143713
932,27.97235,-16.143713
933,27.97235,-16.143713
934,27.97235,-16.143713
935,27.97235,-16.143713
936,27.97235,-16.143713
937,27.97235,-16.143713
938,27.97235,-16.143713
939,27.97235,-16.143713
940,27.97235,-16.143713
941,27.97235,-16.143713
942,27.97235,-16.143713
943,27.97235,-16.143713
944,27.97235,-16.143713
945,27.97235,-16.143713
946,27.97235,-16.143713
947,27.97235,-16.143713
948,27.97235,-16.143713
949,27.97235,-16.143713
950,27.97235,-16.143713
951,27.97235,-16.143713
952,27.97235,-16.143713
953,27.97235,-16.143713
954,27.97235,-16.143713
955,27.97235,-16.143713
956,27.97235,-16.143713
957,27.97235,-16.143713
958,27.97235,-16.143713
959,27.97235,-16.143713
960,27.97235,-16.143713
961,27.97235,-16.143713
962,27.97235,-16.143713
963,27.97235,-16.143713
964,27.97235,-16.143713
965,27.97235,-16.143713
966,27.97235,-16.143713
967,27.97235,-16.143713
968,27.97235,-16.143713
969,27.97235,-16.143713
970,27.97235,-16.143713
971,27.97235,-16.143713
972,27.97235,-16.143713
973,27.97235,-16.143713
974,27.97235,-16.143713
975,27.97235,-16.143713
976,27.97235,-16.143713
977,27.97235,-16.143713
978,27.97235,-16.143713
979,27.97235,-16.143713
980,27.97235,-16.143713
981,27.97235,-16.143713
982,27.97235,-16.143713
983,27.97235,-16.143713
984,27.97235,-16.143713
985,27.97235,-16.143713
986,27.97235,-16.143713
987,27.97235,-16.143713
988,27.97235,-16.143713
989,27.97235,-16.143713
990,27.97235,-16.143713
991,27.97235,-16.143713
992,27.97235,-16.143713
993,27.97235,-16.143713
994,27.97235,-16.143713
995,27.97235,-16.143713
996,27.97235,-16.143713
997,27.97235,-16.143713
998,27.97235,-16.143713
999,27.97235,-16.143713
1000,27.97235,-16.143713
1001,27.97235,-16.143713
1002,27.97235,-16.143713
1003,27.97235,-16.143713
1004,27.97235,-16.143713
1005,27.97235,-16.143713
1006,27.97235,-16.143713
1007,27.97235,-16.143713
1008,27.97235,-16.143713
1009,27.97235,-16.143713
1010,27.97235,-16.143713
1011,27.97235,-16.143713
1012,27.97235,-16.143713
1013,27.97235,-16.143713
1014,27.97235,-16.143713
1015,27.97235,-16.143713
1016,27.97235,-16.143713
1017,27.97235,-16.143713
1018,27.97235,-16.143713
1019,27.97235,-16.143713
1020,27.97235,-16.143713
1021,27.97235,-16.143713
1022,27.97235,-16.143713
1023,27.97235,-16.143713
1024,27.97235,-16.143713
1025,27.97235,-16.143713
1026,27.97235,-16.143713
1027,27.97235,-16.143713
1028,27.97235,-16.143713
1029,27.97235,-16.143713
1030,27.97235,-16.143713
1031,27.97235,-16.143713
1032,27.97235,-16.143712
1033,27.97235,-16.143712
1034,27.97235,-16.143712
1035,27.97235,-16.143712
1036,27.97235,-16.143712
1037,27.97235,-16.143712
1038,27.97235,-16.143712
1039,27.97235,-16.143712
1040,27.97235,-16.143712
1041,27.97235,-16.143712
1042,27.97235,-16.143712
1043,27.97235,-16.143712
1044,27.97235,-16.143712
1045,27.97235,-16.143712
1046,27.97235,-16.143712
1047,27.97235,-16.143712
1048,27.97235,-16.143712
1049,27.97235,-16.143712
1050,27.97235,-16.143712
1051,27.97235,-16.143712
1052,27.97235,-16.143712
1053,27.97235,-16.143712
1054,27.97235,-16.143712
1055,27.97235,-16.143712
1056,27.97235,-16.143712
1057,27.97235,-16.143712
1058,27.97235,-16.143712
1059,27.97235,-16.143712
1060,27.97235,-16.143712
1061,27.97235,-16.143712
1062,27.97235,-16.143712
1063,27.97235,-16.143712
1064,27.97235,-16.143712
1065,27.97235,-16.143712
1066,27.97235,-16.143712
1067,27.97235,-16.143712
1068,27.97235,-16.143712
1069,27.97235,-16.143712
1070,27.97235,-16.143712
1071,27.97235,-16.143712
1072,27.97235,-16.143712
1073,27.97235,-16.143712
1074,27.97235,-16.143712
1075,27.97235,-16.143712
1076,27.97235,-16.143712
1077,27.97235,-16.143712
1078,27.97235,-16.143712
1079,27.97235,-16.143712
1080,27.97235,-16.143712
1081,27.97235,-16.143712
1082,27.97235,-16.143712
1083,27.97235,-16.143712
1084,27.97235,-16.143712
1085,27.97235,-16.143712
1086,27.97235,-16.143712
1087,27.97235,-16.143712
1088,27.97235,-16.143712
1089,27.97235,-16.143712
1090,27.97235,-16.143712
1091,27.97235,-16.143712
1092,27.97235,-16.143712
1093,27.97235,-16.143712
1094,27.97235,-16.143712
1095,27.97235,-16.143712
1096,27.97235,-16.143712
1097,27.97235,-16.143712
1098,27.97235,-16.143712
1099,27.97235,-16.143712
1100,27.97235,-16.143712
1101,27.97235,-16.143712
1102,27.97235,-16.143712
1103,27.97235,-16.143712
1104,27.97235,-16.143712
1105,27.97235,-16.143712
1106,27.97235,-16.143712
1107,27.97235,-16.143712
1108,27.97235,-16.143712
1109,27.97235,-16.143712
1110,27.97235,-16.143712
1111,27.97235,-16.143712
1112,27.97235,-16.143712
1113,27.97235,-16.143712
1114,27.97235,-16.143712
1115,27.97235,-16.143712
1116,27.97235,-16.143712
1117,27.97235,-16.143712
1118,27.97235,-16.143712
1119,27.97235,-16.143712
1120,27.97235,-16.143712
1121,27.97235,-16.143712
1122,27.97235,-16.143712
1123,27.97235,-16.143712
1124,27.97235,-16.143712
1125,27.97235,-16.143712
1126,27.97235,-16.143712
1127,27.97235,-16.143712
1128,27.97235,-16.143712
1129,27.97235,-16.143712
1130,27.97235,-16.143712
1131,27.97235,-16.143712
1132,27.97235,-16.143712
1133,27.97235,-16.143712
1134,27.97235,-16.143712
1135,27.97235,-16.143712
1136,27.97235,-16.143712
1137,27.97235,-16.143712
1138,27.97235,-16.143712
1139,27.97235,-16.143712
1140,27.97235,-16.143712
1141,27.97235,-16.143712
1142,27.97235,-16.143712
1143,27.97235,-16.143712
1144,27.97235,-16.143712
1145,27.97235,-16.143712
1146,27.97235,-16.143712
1147,27.97235,-16.143712
1148,27.97235,-16.143712
1149,27.97235,-16.143712
1150,27.97235,-16.143712
1151,27.97235,-16.143712
1152,27.97235,-16.143712
1153,27.97235,-16.143712
1154,27.97235,-16.143712
1155,27.97235,-16.143712
1156,27.97235,-16.143712
1157,27.97235,-16.143712
1158,27.97235,-16.143712
1159,27.97235,-16.143712
1160,27.97235,-16.143712
1161,27.97235,-16.143712
1162,27.97235,-16.143712
1163,27.97235,-16.143712
1164,27.97235,-16.143712
1165,27.97235,-16.143712
1166,27.97235,-16.143712
1167,27.97235,-16.143712
1168,27.97235,-16.143712
1169,27.97235,-16.143712
1170,27.97235,-16.143712
1171,27.97235,-16.143712
1172,27.97235,-16.143712
1173,27.97235,-16.143712
1174,27.97235,-16.143712
1175,27.97235,-16.143712
1176,27.97235,-16.143712
1177,27.97235,-16.143712
1178,27.97235,-16.143712
1179,27.97235,-16.143712
1180,27.97235,-16.143712
1181,27.97235,-16.143712
1182,27.97235,-16.143712
1183,27.97235,-16.143712
1184,27.97235,-16.143712
1185,27.97235,-16.143712
1186,27.97235,-16.143712
1187,27.97235,-16.143712
1188,27.97235,-16.143712
1189,27.97235,-16.143712
1190,27.97235,-16.143712
1191,27.97235,-16.143712
1192,27.97235,-16.143712
1193,27.97235,-16.143712
1194,27.97235,-16.143712
1195,27.97235,-16.143712
1196,27.97235,-16.143712
1197,27.97235,-16.143712
1198,27.97235,-16.143712
1199,27.97235,-16.143712
1200,27.97235,-16.143712
1201,27.97235,-16.143712
1202,27.97235,-16.143712
1203,27.97235,-16.143712
1204,27.97235,-16.143712
1205,27.97235,-16.143712
1206,27.97235,-16.143712
1207,27.97235,-16.143712
1208,27.97235,-16.143712
1209,27.97235,-16.143712
1210,27.97235,-16.143712
1211,27.97235,-16.143712
1212,27.97235,-16.143712
1213,27.97235,-16.143712
1214,27.97235,-16.143712
1215,27.97235,-16.143712
1216,27.97235,-16.143712
1217,27.97235,-16.143712
1218,27.97235,-16.143712
1219,27.97235,-16.143712
1220,27.97235,-16.143712
1221,27.97235,-16.143712
1222,27.97235,-16.143712
1223,27.97235,-16.143712
1224,27.97235,-16.143712
1225,27.97235,-16.143712
1226,27.97235,-16.143712
1227,27.97235,-16.143712
1228,27.97235,-16.143712
1229,27.97235,-16.143712
1230,27.97235,-16.143712
1231,27.97235,-16.143712
1232,27.97235,-16.143712
1233,27.97235,-16.143712
1234,27.97235,-16.143712
1235,27.97235,-16.143712
1236,27.97235,-16.143712
1237,27.97235,-16.143711
1238,27.97235,-16.143711
1239,27.97235,-16.143711
1240,27.97235,-16.143711
1241,27.97235,-16.143711
1242,27.97235,-16.143711
1243,27.97235,-16.143711
1244,27.97235,-16.143711
1245,27.97235,-16.143711
1246,27.97235,-16.143711
1247,27.97235,-16.143711
1248,27.97235,-16.143711
1249,27.97235,-16.143711
1250,27.97235,-16.143711
1251,27.97235,-16.143711
1252,27.97235,-16.143711
1253,27.97235,-16.143711
1254,27.97235,-16.143711
1255,27.97235,-16.143711
1256,27.97235,-16.143711
1257,27.97235,-16.143711
1258,27.97235,-16.143711
1259,27.97235,-16.143711
1260,27.97235,-16.143711
1261,27.97235,-16.143711
1262,27.97235,-16.143711
1263,27.97235,-16.143711
1264,27.97235,-16.143711
1265,27.97235,-16.143711
1266,27.97235,-16.143711
1267,27.97235,-16.143711
1268,27.97235,-16.143711
1269,27.97235,-16.143711
1270,27.97235,-16.143711
1271,27.97235,-16.143711
1272,27.97235,-16.143711
1273,27.97235,-16.143711
1274,27.97235,-16.143711
1275,27.97235,-16.143711
1276,27.97235,-16.143711
1277,27.97235,-16.143711
1278,27.97235,-16.143711
1279,27.97235,-16.143711
1280,27.97235,-16.143711
1281,27.97235,-16.143711
1282,27.97235,-16.143711
1283,27.97235,-16.143711
1284,27.97235,-16.143711
1285,27.97235,-16.143711
1286,27.97235,-16.143711
1287,27.97235,-16.143711
1288,27.97235,-16.143711
1289,27.97235,-16.143711
1290,27.97235,-16.143711
1291,27.97235,-16.143711
1292,27.97235,-16.143711
1293,27.97235,-16.143711
1294,27.97235,-16.143711
1295,27.97235,-16.143711
1296,27.97235,-16.143711
1297,27.97235,-16.143711
1298,27.97235,-16.143711
1299,27.97235,-16.143711
1300,27.97235,-16.143711
1301,27.97235,-16.143711
1302,27.97235,-16.143711
1303,27.97235,-16.143711
1304,27.97235,-16.143711
1305,27.97235,-16.143711
1306,27.97235,-16.143711
1307,27.97235,-16.143711
1308,27.97235,-16.143711
1309,27.97235,-16.143711
1310,27.97235,-16.143711
1311,27.97235,-16.143711
1312,27.97235,-16.143711
1313,27.97235,-16.143711
1314,27.97235,-16.143711
1315,27.97235,-16.143711
1316,27.97235,-16.143711
1317,27.97235,-16.143711
1318,27.97235,-16.143711
1319,27.97235,-16.143711
1320,27.97235,-16.143711
1321,27.97235,-16.143711
1322,27.97235,-16.143711
1323,27.97235,-16.143711
1324,27.97235,-16.143711
1325,27.97235,-16.143711
1326,27.97235,-16.143711
1327,27.97235,-16.143711
1328,27.97235,-16.143711
1329,27.97235,-16.143711
1330,27.97235,-16.143711
1331,27.97235,-16.143711
1332,27.97235,-16.143711
1333,27.97235,-16.143711
1334,27.97235,-16.143711
1335,27.97235,-16.143711
1336,27.97235,-16.143711
1337,27.97235,-16.143711
1338,27.97235,-16.143711
1339,27.97235,-16.143711
1340,27.97235,-16.143711
1341,27.97235,-16.143711
1342,27.97235,-16.143711
1343,27.97235,-16.143711
1344,27.97235,-16.143711
1345,27.97235,-16.143711
1346,27.97235,-16.143711
1347,27.97235,-16.143711
1348,27.97235,-16.143711
1349,27.97235,-16.143711
1350,27.97235,-16.143711
1351,27.97235,-16.143711
1352,27.97235,-16.143711
1353,27.97235,-16.143711
1354,27.97235,-16.143711
1355,27.97235,-16.143711
1356,27.97235,-16.143711
1357,27.97235,-16.143711
1358,27.97235,-16.143711
1359,27.97235,-16.143711
1360,27.97235,-16.143711
1361,27.97235,-16.143711
1362,27.97235,-16.143711
1363,27.97235,-16.143711
1364,27.97235,-16.143711
1365,27.97235,-16.143711
1366,27.97235,-16.143711
1367,27.97235,-16.143711
1368,27.97235,-16.143711
1369,27.97235,-16.143711
1370,27.97235,-16.143711
1371,27.97235,-16.143711
1372,27.97235,-16.143711
1373,27.97235,-16.143711
1374,27.97235,-16.143711
1375,27.97235,-16.143711
1376,28.639767,-18.178284
1377,28.639767,-18.178284
1378,28.639767,-18.178284
1379,28.639767,-18.178284
1380,28.639767,-18.178284
1381,28.639767,-18.178284
1382,28.639767,-18.178284
1383,28.639767,-18.178284
1384,28.639767,-18.178284
1385,28.639767,-18.178284
1386,28.639767,-18.178284
1387,28.639767,-18.178284
1388,28.639767,-18.178284
1389,28.639767,-18.178284
1390,28.639767,-18.178284
1391,28.639767,-18.178284
1392,28.639767,-18.178284
1393,28.639767,-18.178284
1394,28.639767,-18.178284
1395,28.639767,-18.178284
1396,28.639767,-18.178284
1397,28.639767,-18.178284
1398,28.639767,-18.178284
1399,28.639767,-18.178284
1400,28.639767,-18.178284
1401,28.639767,-18.178284
1402,28.639767,-18.178284
1403,28.639767,-18.178284
1404,28.639767,-18.178284
1405,28.639767,-18.178284
1406,28.639767,-18.178284
1407,28.639767,-18.178284
1408,28.639767,-18.178284
1409,28.639767,-18.178284
1410,28.639767,-18.178284
1411,28.639767,-18.178284
1412,28.639767,-18.178284
1413,28.639767,-18.178284
1414,28.639767,-18.178284
1415,28.639767,-18.178284
1416,28.639767,-18.178284
1417,28.639767,-18.178284
1418,28.639767,-18.178284
1419,28.639767,-18.178284
1420,28.639767,-18.178284
1421,28.639767,-18.178284
1422,28.639767,-18.178284
1423,28.639767,-18.178284
1424,28.639767,-18.178284
1425,28.639767,-18.178284
1426,28.639767,-18.178284
1427,28.639767,-18.178284
1428,28.639767,-18.178284
1429,28.639767,-18.178284
1430,28.639767,-18.178284
1431,28.639767,-18.178284
1432,28.639767,-18.178284
1433,28.639767,-18.178284
1434,28.639767,-18.178284
1435,28.639767,-18.178284
1436,28.639767,-18.178284
1437,28.639767,-18.178284
1438,28.639767,-18.178284
1439,28.639767,-18.178285
1440,28.639767,-18.178285
1441,28.639767,-18.178285
1442,28.639767,-18.178285
1443,28.639767,-18.178285
1444,28.639767,-18.178285
1445,28.639767,-18.178285
1446,28.639767,-18.178285
1447,28.639767,-18.178285
1448,28.639767,-18.178285
1449,28.639767,-18.178285
1450,28.639767,-18.178285
1451,28.639767,-18.178285
1452,28.639767,-18.178285
1453,28.639767,-18.178285
1454,28.639767,-18.178285
1455,28.639767,-18.178285
1456,28.639767,-18.178285
1457,28.639767,-18.178285
1458,28.639767,-18.178285
1459,28.639767,-18.178285
1460,28.639767,-18.178285
1461,28.639767,-18.178285
1462,28.639767,-18.178285
1463,28.639767,-18.178285
1464,28.639767,-18.178285
1465,28.639767,-18.178285
1466,28.639767,-18.178285
1467,28.639767,-18.178285
1468,28.639767,-18.178285
1469,28.639767,-18.178285
1470,28.639767,-18.178285
1471,28.639767,-18.178285
1472,28.639767,-18.178285
1473,28.639767,-18.178285
1474,28.639767,-18.178285
1475,28.639767,-18.178285
1476,28.639767,-18.178285
1477,28.639767,-18.178285
1478,28.639767,-18.178285
1479,28.639767,-18.178285
1480,28.639767,-18.178285
1481,28.639767,-18.178285
1482,28.639767,-18.178285
1483,28.639767,-18.178285
1484,28.639767,-18.178285
1485,28.639767,-18.178285
1486,28.639767,-18.178285
1487,28.639767,-18.178285
1488,28.639767,-18.178285
1489,28.639767,-18.178285
1490,28.639767,-18.178285
1491,28.639767,-18.178285
1492,28.639767,-18.178285
1493,28.639767,-18.178285
1494,28.639767,-18.178285
1495,28.639767,-18.178285
1496,28.639767,-18.178285
1497,28.639767,-18.178285
1498,28.639767,-18.178285
1499,28.639767,-18.178285
1500,28.639767,-18.178285
1501,28.639767,-18.178285
1502,28.639767,-18.178285
1503,28.639767,-18.178285
1504,28.639767,-18.178285
1505,28.639767,-18.178285
1506,28.639767,-18.178285
1507,28.639767,-18.178285
1508,28.639767,-18.178285
1509,28.639767,-18.178285
1510,28.639767,-18.178285
1511,28.639767,-18.178285
1512,28.639767,-18.178285
1513,28.639767,-18.178285
1514,28.639767,-18.178285
1515,28.639767,-18.178285
1516,28.639767,-18.178285
1517,28.639767,-18.178285
1518,28.639767,-18.178285
1519,28.639767,-18.178285
1520,28.639767,-18.178285
1521,28.639767,-18.178285
1522,28.639767,-18.178285
1523,28.639767,-18.178285
1524,28.639767,-18.178285
1525,28.639767,-18.178285
1526,28.639767,-18.178285
1527,28.639767,-18.178285
1528,28.639767,-18.178285
1529,28.639767,-18.178285
1530,28.639767,-18.178285
1531,28.639767,-18.178285
1532,28.639767,-18.178285
1533,28.639767,-18.178285
1534,28.639767,-18.178285
1535,28.639767,-18.178285
1536,28.639767,-18.178285
1537,28.639767,-18.178285
1538,28.639767,-18.178285
1539,28.639767,-18.178285
1540,28.639767,-18.178285
1541,28.639767,-18.178285
1542,28.639767,-18.178285
1543,28.639767,-18.178285
1544,28.639767,-18.178285
1545,28.639767,-18.178285
1546,28.639767,-18.178285
1547,28.639767,-18.178285
1548,28.639767,-18.178285
1549,28.639767,-18.178285
1550,28.639767,-18.178285
1551,28.639767,-18.178285
1552,28.639767,-18.178285
1553,28.639767,-18.178285
1554,28.639767,-18.178285
1555,28.639767,-18.178285
1556,28.639767,-18.178285
1557,28.639767,-18.178285
1558,28.639767,-18.178285
1559,28.639767,-18.178285
1560,28.639767,-18.178285
1561,28.639767,-18.178285
1562,28.639767,-18.178285
1563,28.639767,-18.178285
1564,28.639767,-18.178285
1565,28.639767,-18.178285
1566,28.639767,-18.178285
1567,28.639767,-18.178285
1568,28.639767,-18.178285
1569,28.639767,-18.178285
1570,28.639767,-18.178285
1571,28.639767,-18.178285
1572,28.639767,-18.178285
1573,28.639767,-18.178285
1574,28.639767,-18.178285
1575,28.639767,-18.178285
1576,28.639767,-18.178285
1577,28.639767,-18.178285
1578,28.639767,-18.178285
1579,28.639767,-18.178285
1580,28.639767,-18.178285
1581,28.639767,-18.178285
1582,28.639767,-18.178285
1583,28.639767,-18.178285
1584,28.639767,-18.178285
1585,28.639767,-18.178285
1586,28.639767,-18.178285
1587,28.639767,-18.178285
1588,28.639767,-18.178285
1589,28.639767,-18.178285
1590,28.639767,-18.178285
1591,28.639767,-18.178285
1592,28.639767,-18.178285
1593,28.639767,-18.178285
1594,28.639767,-18.178285
1595,28.639767,-18.178285
1596,28.639767,-18.178285
1597,28.639767,-18.178285
1598,28.639767,-18.178285
1599,28.639767,-18.178285
1600,28.639767,-18.178285
1601,28.639767,-18.178285
1602,28.639767,-18.178285
1603,28.639767,-18.178285
1604,28.639767,-18.178285
1605,28.639767,-18.178285
1606,28.639767,-18.178285
1607,28.639767,-18.178285
1608,28.639767,-18.178285
1609,28.639767,-18.178285
1610,28.639767,-18.178285
1611,28.639767,-18.178285
1612,28.639767,-18.178285
1613,28.639767,-18.178285
1614,28.639767,-18.178285
1615,28.639767,-18.178285
1616,28.640167,-18.183547
1617,28.640167,-18.183547
1618,28.640167,-18.183547
1619,28.640167,-18.183547
1620,28.640167,-18.183547
1621,28.640167,-18.183547
1622,28.640167,-18.183547
1623,28.640167,-18.183547
1624,28.640167,-18.183547
1625,28.640167,-18.183547
1626,28.640167,-18.183547
1627,28.640167,-18.183547
1628,28.640167,-18.183547
1629,28.640167,-18.183547
1630,28.640167,-18.183547
1631,28.640167,-18.183547
1632,28.640167,-18.183547
1633,28.640167,-18.183547
1634,28.640167,-18.183547
1635,28.640167,-18.183547
1636,28.640167,-18.183547
1637,28.640167,-18.183547
1638,28.640167,-18.183547
1639,28.640167,-18.183547
1640,28.640167,-18.183547
1641,28.640167,-18.183547
1642,28.640167,-18.183547
1643,28.640167,-18.183547
1644,28.640167,-18.183547
1645,28.514618,-19.119267
1646,28.514618,-19.119267
1647,28.514618,-19.119267
1648,28.514618,-19.119267
1649,28.514618,-19.119267
1650,28.514618,-19.119267
1651,28.514618,-19.119267
1652,28.514618,-19.119267
1653,28.514618,-19.119267
1654,28.514618,-19.119267
1655,28.514618,-19.119267
1656,28.514618,-19.119267
1657,28.514618,-19.119267
1658,28.514618,-19.119267
1659,28.514618,-19.119267
1660,28.514618,-19.119267
1661,28.514618,-19.119267
1662,28.514618,-19.119267
1663,28.514618,-19.119267
1664,28.514618,-19.119267
1665,28.514618,-19.119267
1666,28.514618,-19.119267
1667,28.514618,-19.119267
1668,28.514618,-19.119267
1669,28.514618,-19.119267
1670,28.514618,-19.119267
1671,28.514618,-19.119267
1672,28.514618,-19.119267
1673,28.514618,-19.119267
1674,28.514618,-19.119267
1675,28.514618,-19.119267
1676,28.514618,-19.119267
1677,28.514618,-19.119267
1678,28.514618,-19.119267
1679,28.514618,-19.119267
1680,28.514618,-19.119267
1681,28.514618,-19.119267
1682,28.514618,-19.119267
1683,28.514618,-19.119267
1684,28.514618,-19.119267
1685,28.514618,-19.119267
1686,28.514618,-19.119267
1687,28.514618,-19.119267
1688,28.514618,-19.119267
1689,28.514618,-19.119267
1690,28.514618,-19.119267
1691,28.514618,-19.119267
1692,28.514618,-19.119267
1693,28.514618,-19.119267
1694,28.514618,-19.119267
1695,28.512498,-19.119333
1696,28.512498,-19.119333
1697,28.512498,-19.119333
1698,28.512498,-19.119333
1699,28.512498,-19.119333
1700,28.512498,-19.119333
1701,28.512498,-19.119333
1702,28.512498,-19.119333
1703,28.512498,-19.119333
1704,28.512498,-19.119333
1705,28.512498,-19.119333
1706,28.512498,-19.119333
1707,28.512498,-19.119333
1708,28.512498,-19.119333
1709,28.512498,-19.119333
1710,28.512498,-19.119333
1711,28.512498,-19.119333
1712,28.512498,-19.119333
1713,28.512498,-19.119333
1714,28.512498,-19.119333
1715,28.512498,-19.119333
1716,28.512498,-19.119333
1717,28.512498,-19.119333
1718,28.512498,-19.119333
1719,28.512498,-19.119333
1720,28.512498,-19.119333
1721,28.512498,-19.119333
1722,28.512498,-19.119333
1723,28.512498,-19.119333
1724,28.512498,-19.119333
1725,28.512498,-19.119333
1726,28.512498,-19.119333
1727,28.512498,-19.119333
1728,28.512498,-19.119333
1729,28.512498,-19.119333
1730,28.512498,-19.119333
1731,28.512498,-19.119333
1732,28.512498,-19.119333
1733,28.512498,-19.119333
1734,28.512498,-19.119333
1735,28.512498,-19.119333
1736,28.512498,-19.119333
1737,28.512498,-19.119333
1738,28.512498,-19.119333
1739,28.512498,-19.119333
1740,28.512498,-19.119333
1741,28.512498,-19.119333
1742,28.512498,-19.119333
1743,28.512498,-19.119333
1744,28.512498,-19.119333
1745,28.512498,-19.119333
1746,28.512498,-19.119333
1747,28.512498,-19.119333
1748,28.512498,-19.119333
1749,28.512498,-19.119333
1750,28.512498,-19.119333
1751,28.512498,-19.119333
1752,28.512498,-19.119333
1753,28.512498,-19.119333
1754,28.512498,-19.119333
1755,28.512498,-19.119333
1756,28.512498,-19.119333
1757,28.512498,-19.119333
1758,28.512498,-19.119333
1759,28.512498,-19.119333
1760,28.512498,-19.119333
1761,28.512498,-19.119333
1762,28.512498,-19.119333
1763,28.512498,-19.119333
1764,28.512498,-19.119333
1765,28.512498,-19.119333
1766,28.512498,-19.119333
1767,28.512498,-19.119333
1768,28.512498,-19.119333
1769,28.512498,-19.119333
1770,28.512498,-19.119333
1771,28.512498,-19.119333
1772,28.512498,-19.119333
1773,28.512498,-19.119333
1774,28.512498,-19.119333
1775,28.512498,-19.119333
1776,28.512498,-19.119333
1777,28.512498,-19.119333
1778,28.512498,-19.119333
1779,28.512498,-19.119333
1780,28.512498,-19.119333
1781,28.512498,-19.119333
1782,28.512498,-19.119333
1783,28.512498,-19.119333
1784,28.512498,-19.119333
1785,28.512498,-19.119333
1786,28.512498,-19.119333
1787,28.512498,-19.119333
1788,28.512498,-19.119333
1789,28.512498,-19.119333
1790,28.512498,-19.119333
1791,28.512498,-19.119333
1792,28.512498,-19.119333
1793,28.512498,-19.119333
1794,28.512498,-19.119333
1795,28.512498,-19.119333
1796,28.512498,-19.119333
1797,28.512498,-19.119333
1798,28.512498,-19.119333
1799,28.512498,-19.119333
1800,28.512498,-19.119333
1801,28.512498,-19.119333
1802,28.512498,-19.119333
1803,28.512498,-19.119333
1804,28.512498,-19.119333
1805,28.512498,-19.119333
1806,28.512498,-19.119333
1807,28.512498,-19.119333
1808,28.512498,-19.119333
1809,28.512498,-19.119333
1810,28.512498,-19.119333
1811,28.512498,-19.119333
1812,28.512498,-19.119333
1813,28.512498,-19.119333
1814,28.512498,-19.119333
1815,28.512498,-19.119333
1816,28.512498,-19.119333
1817,28.512498,-19.119333
1818,28.512498,-19.119333
1819,28.512498,-19.119333
1820,28.512498,-19.119333
1821,28.512498,-19.119333
1822,28.512498,-19.119333
1823,28.512498,-19.119333
1824,28.512498,-19.119333
1825,28.512498,-19.119333
1826,28.512498,-19.119333
1827,28.512498,-19.119333
1828,28.512498,-19.119333
1829,28.512498,-19.119333
1830,28.512498,-19.119333
1831,28.512498,-19.119333
1832,28.512498,-19.119333
1833,28.512498,-19.119333
1834,28.512498,-19.119333
1835,28.512498,-19.119333
1836,28.512498,-19.119333
1837,28.512498,-19.119333
1838,28.512498,-19.119333
1839,28.512498,-19.119333
1840,28.512498,-19.119333
1841,28.512498,-19.119333
1842,28.512497,-19.119333
1843,28.512497,-19.119333
1844,28.512497,-19.119333
1845,28.512497,-19.119333
1846,28.512497,-19.119333
1847,28.512497,-19.119333
1848,28.512497,-19.119333
1849,28.512497,-19.119333
1850,28.512497,-19.119333
1851,28.512497,-19.119333
1852,28.512497,-19.119333
1853,28.512497,-19.119333
1854,28.512497,-19.119333
1855,28.512497,-19.119333
1856,28.512497,-19.119333
1857,28.512497,-19.119333
1858,28.512497,-19.119333
1859,28.512497,-19.119333
1860,28.512497,-19.119333
1861,28.512497,-19.119333
1862,28.512497,-19.119333
1863,28.512497,-19.119333
1864,28.512497,-19.119333
1865,28.512497,-19.119333
1866,28.512497,-19.119333
1867,28.512497,-19.119333
1868,28.512497,-19.119333
1869,28.512497,-19.119333
1870,28.512497,-19.119333
1871,28.512497,-19.119333
1872,28.512497,-19.119333
1873,28.512497,-19.119333
1874,28.512497,-19.119333
1875,28.512497,-19.119333
1876,28.512497,-19.119333
1877,28.512497,-19.119333
1878,28.512497,-19.119333
1879,28.512497,-19.119333
1880,28.512497,-19.119333
1881,28.512497,-19.119333
1882,28.512497,-19.119333
1883,28.512497,-19.119333
1884,28.512497,-19.119333
1885,28.512497,-19.119333
1886,28.512497,-19.119333
1887,28.512497,-19.119333
1888,28.512497,-19.119333
1889,28.512497,-19.119333
1890,28.512497,-19.119333
1891,28.512497,-19.119333
1892,28.512497,-19.119333
1893,28.512497,-19.119333
1894,28.512497,-19.119333
1895,28.512497,-19.119333
1896,28.512497,-19.119333
1897,28.512497,-19.119333
1898,28.512497,-19.119333
1899,28.512497,-19.119333
1900,28.512497,-19.119333
1901,28.512497,-19.119333
1902,28.512497,-19.119333
1903,28.512497,-19.119333
1904,28.512497,-19.119333
1905,28.512497,-19.119333
1906,28.512497,-19.119333
1907,28.512497,-19.119333
1908,28.512497,-19.119333
1909,28.512497,-19.119333
1910,28.512497,-19.119333
1911,28.512497,-19.119333
1912,28.512497,-19.119333
1913,28.512497,-19.119333
1914,28.512497,-19.119333
1915,28.512497,-19.119333
1916,28.512497,-19.119333
1917,28.512497,-19.119333
1918,28.512497,-19.119333
1919,28.512497,-19.119333
1920,28.512497,-19.119333
1921,28.512497,-19.119333
1922,28.512497,-19.119333
1923,28.512497,-19.119333
1924,28.512497,-19.119333
1925,28.512497,-19.119333
1926,28.512497,-19.119333
1927,28.512497,-19.119333
1928,28.512497,-19.119333
1929,28.512497,-19.119333
1930,28.512497,-19.119333
1931,28.512497,-19.119333
1932,28.512497,-19.119333
1933,28.512497,-19.119333
1934,28.512497,-19.119333
1935,28.512497,-19.119333
1936,28.512497,-19.119333
1937,28.512497,-19.119333
1938,28.512497,-19.119333
1939,28.512497,-19.119333
1940,28.512497,-19.119333
1941,28.512497,-19.119333
1942,28.512497,-19.119333
1943,28.512497,-19.119333
1944,28.512497,-19.119333
1945,28.512497,-19.119333
1946,28.512497,-19.119333
1947,28.512497,-19.119333
1948,28.512497,-19.119333
1949,28.512497,-19.119333
1950,28.512497,-19.119333
1951,28.512497,-19.119333
1952,28.512497,-19.119333
1953,28.512497,-19.119333
1954,28.512497,-19.119333
1955,28.512497,-19.119333
1956,28.512497,-19.119333
1957,28.512497,-19.119333
1958,28.512497,-19.119333
1959,28.512497,-19.119333
1960,28.512497,-19.119333
1961,28.512497,-19.119333
1962,28.512497,-19.119333
1963,28.512497,-19.119333
1964,28.512497,-19.119333
1965,28.512497,-19.119333
1966,28.512497,-19.119333
1967,28.512497,-19.119333
1968,28.512497,-19.119333
1969,28.512497,-19.119333
1970,28.512497,-19.119333
1971,28.512497,-19.119333
1972,28.512497,-19.119333
1973,28.512497,-19.119333
1974,28.512497,-19.119333
1975,28.512497,-19.119333
1976,28.512497,-19.119333
1977,28.512497,-19.119333
1978,28.512497,-19.119333
1979,28.512497,-19.119333
1980,28.512497,-19.119333
1981,28.512497,-19.119333
1982,28.512497,-19.119333
1983,28.512497,-19.119333
1984,28.512497,-19.119333
1985,28.512497,-19.119333
1986,28.512497,-19.119333
1987,28.512497,-19.119333
1988,28.512497,-19.119333
1989,28.512497,-19.119333
1990,28.512497,-19.119333
1991,28.512497,-19.119333
1992,28.512497,-19.119333
1993,28.512497,-19.119333
1994,28.512497,-19.119333
1995,28.512497,-19.119333
1996,28.512497,-19.119333
1997,28.512497,-19.119333
1998,28.512497,-19.119333
1999,28.512497,-19.119333
2000,28.512497,-19.119333
2001,28.512497,-19.119333
2002,28.512497,-19.119333
2003,28.512497,-19.119333
2004,28.512497,-19.119333
2005,28.512497,-19.119333
2006,28.512497,-19.119333
2007,28.512497,-19.119333
2008,28.512497,-19.119333
2009,28.512497,-19.119333
2010,28.512497,-19.119333
2011,28.512497,-19.119333
2012,28.512497,-19.119333
2013,28.512497,-19.119333
2014,28.512497,-19.119333
2015,28.512497,-19.119333
2016,28.512497,-19.119333
2017,28.512497,-19.119333
2018,28.512496,-19.119333
2019,28.512496,-19.119333
2020,28.512496,-19.119333
2021,28.512496,-19.119333
2022,28.512496,-19.119333
2023,28.512496,-19.119333
2024,28.512496,-19.119333
2025,28.512496,-19.119333
2026,28.512496,-19.119333
2027,28.512496,-19.119333
2028,28.512496,-19.119333
2029,28.512496,-19.119333
2030,28.512496,-19.119333
2031,28.512496,-19.119333
2032,28.512496,-19.119333
2033,28.512496,-19.119333
2034,28.512496,-19.119333
2035,28.512496,-19.119333
2036,28.512496,-19.119333
2037,28.512496,-19.119333
2038,28.512496,-19.119333
2039,28.512496,-19.119333
2040,28.512496,-19.119333
2041,28.512496,-19.119333
2042,28.512496,-19.119333
2043,28.512496,-19.119333
2044,28.512496,-19.119333
2045,28.512496,-19.119333
2046,28.512496,-19.119333
2047,28.512496,-19.119333
2048,28.512496,-19.119333
2049,28.512496,-19.119333
2050,28.512496,-19.119333
2051,28.512496,-19.119333
2052,28.512496,-19.119333
2053,28.512496,-19.119333
2054,28.512496,-19.119333
2055,28.512496,-19.119333
2056,28.512496,-19.119333
2057,28.512496,-19.119333
2058,28.512496,-19.119333
2059,28.512496,-19.119333
2060,28.512496,-19.119333
2061,28.512496,-19.119333
2062,28.512496,-19.119333
2063,28.512496,-19.119333
2064,28.512496,-19.119333
2065,28.512496,-19.119333
2066,28.512496,-19.119333
2067,28.512496,-19.119333
2068,28.512496,-19.119333
2069,28.512496,-19.119333
2070,28.512496,-19.119333
2071,28.512496,-19.119333
2072,28.512496,-19.119333
2073,28.512496,-19.119333
2074,28.512496,-19.119333
2075,28.512496,-19.119333
2076,28.512496,-19.119333
2077,28.512496,-19.119333
2078,28.512496,-19.119333
2079,28.512496,-19.119333
2080,28.512496,-19.119333
2081,28.512496,-19.119333
2082,28.512496,-19.119333
2083,28.512496,-19.119333
2084,28.512496,-19.119333
2085,28.512496,-19.119333
2086,28.512496,-19.119333
2087,28.512496,-19.119333
2088,28.512496,-19.119333
2089,28.512496,-19.119333
2090,28.512496,-19.119333
2091,28.512496,-19.119333
2092,28.512496,-19.119333
2093,28.512496,-19.119333
2094,28.512496,-19.119333
2095,28.512496,-19.119333
2096,28.512496,-19.119333
2097,27.937747,-16.043554
2098,27.937747,-16.043554
2099,27.937747,-16.043554
2100,27.937747,-16.043554
2101,27.937747,-16.043554
2102,27.937747,-16.043554
2103,27.937747,-16.043554
2104,27.937747,-16.043554
2105,27.937747,-16.043554
2106,27.937747,-16.043554
2107,27.937747,-16.043554
2108,27.937747,-16.043554
2109,27.937747,-16.043554
2110,27.937747,-16.043554
2111,27.937747,-16.043554
2112,27.937747,-16.043554
2113,27.937747,-16.043554
2114,27.937747,-16.043554
2115,27.937747,-16.043554
2116,27.937747,-16.043554
2117,27.937747,-16.043554
2118,27.937747,-16.043554
2119,27.937747,-16.043554
2120,27.937747,-16.043554
2121,27.937747,-16.043554
2122,27.937747,-16.043554
2123,27.937747,-16.043554
2124,27.937747,-16.043554
2125,27.937747,-16.043554
2126,27.937747,-16.043554
2127,27.937747,-16.043554
2128,27.937747,-16.043554
2129,27.937747,-16.043554
2130,27.937747,-16.043554
2131,27.937747,-16.043554
2132,27.937747,-16.043554
2133,27.937747,-16.043554
2134,27.937747,-16.043554
2135,27.937747,-16.043554
2136,27.937747,-16.043554
2137,27.937747,-16.043554
2138,27.937747,-16.043554
2139,27.937748,-16.043554
2140,27.937748,-16.043554
2141,27.937748,-16.043554
2142,27.937748,-16.043554
2143,27.937748,-16.043554
2144,27.937748,-16.043554
2145,27.937748,-16.043554
2146,27.937748,-16.043554
2147,27.937748,-16.043554
2148,27.937748,-16.043554
2149,27.937748,-16.043554
2150,27.937748,-16.043554
2151,27.937748,-16.043554
2152,27.937748,-16.043554
2153,27.937748,-16.043554
2154,27.937748,-16.043554
2155,27.937748,-16.043554
2156,27.937748,-16.043554
2157,27.937748,-16.043554
2158,27.937748,-16.043554
2159,27.937748,-16.043554
2160,27.937748,-16.043554
2161,27.937748,-16.043554
2162,27.937748,-16.043554
2163,27.937748,-16.043554
2164,27.937748,-16.043554
2165,27.937748,-16.043554
2166,27.937748,-16.043554
2167,27.937748,-16.043554
2168,27.937748,-16.043554
2169,27.937748,-16.043554
2170,27.937748,-16.043554
2171,27.937748,-16.043554
2172,27.937748,-16.043554
2173,27.937748,-16.043554
2174,27.937748,-16.043554
2175,27.937748,-16.043554
2176,27.937748,-16.043554
2177,27.937748,-16.043554
2178,27.937748,-16.043554
2179,27.937748,-16.043554
2180,27.937748,-16.043554
2181,27.937748,-16.043554
2182,27.937748,-16.043554
2183,27.937748,-16.043554
2184,27.937748,-16.043554
2185,27.937748,-16.043554
2186,27.937748,-16.043554
2187,27.937748,-16.043554
2188,27.937748,-16.043554
2189,27.937748,-16.043554
2190,27.937748,-16.043554
2191,27.937748,-16.043554
2192,27.937748,-16.043554
2193,27.937748,-16.043554
2194,27.937748,-16.043554
2195,27.937748,-16.043554
2196,27.937748,-16.043554
2197,27.937748,-16.043554
2198,27.937748,-16.043554
2199,27.937748,-16.043554
2200,27.937748,-16.043554
2201,27.937748,-16.043554
2202,27.937748,-16.043554
2203,27.937748,-16.043554
2204,27.937748,-16.043554
2205,27.937748,-16.043554
2206,27.937748,-16.043554
2207,27.937748,-16.043554
2208,27.937748,-16.043554
2209,27.937748,-16.043554
2210,27.937748,-16.043554
2211,27.937748,-16.043554
2212,27.937748,-16.043554
2213,27.937748,-16.043554
2214,27.937748,-16.043554
2215,27.937748,-16.043554
2216,27.937748,-16.043554
2217,27.937748,-16.043554
2218,27.937748,-16.043554
2219,27.937748,-16.043554
2220,27.937748,-16.043554
2221,27.937748,-16.043554
2222,27.937748,-16.043554
2223,27.937748,-16.043554
2224,27.937748,-16.043554
2225,27.937748,-16.043554
2226,27.937748,-16.043554
2227,27.937748,-16.043554
2228,27.937748,-16.043554
2229,27.937748,-16.043554
2230,27.937748,-16.043554
2231,27.937748,-16.043554
2232,27.937748,-16.043554
2233,27.937748,-16.043554
2234,27.937748,-16.043554
2235,27.937748,-16.043554
2236,27.937748,-16.043554
2237,27.937748,-16.043554
2238,27.937748,-16.043554
2239,27.937748,-16.043554
2240,27.937748,-16.043554
2241,27.937748,-16.043554
2242,27.937748,-16.043554
2243,27.937748,-16.043554
2244,27.937748,-16.043554
2245,27.937748,-16.043554
2246,27.937748,-16.043554
2247,27.937748,-16.043554
2248,27.937748,-16.043554
2249,27.937748,-16.043554
2250,27.937748,-16.043554
2251,27.937748,-16.043554
2252,27.937748,-16.043554
2253,27.937748,-16.043554
2254,27.937748,-16.043554
2255,27.937748,-16.043554
2256,27.937748,-16.043554
2257,27.937748,-16.043554
2258,27.937748,-16.043554
2259,27.937748,-16.043554
2260,27.937748,-16.043554
2261,27.937748,-16.043554
2262,27.937748,-16.043554
2263,27.937748,-16.043554
2264,27.937748,-16.043554
2265,27.937748,-16.043554
2266,27.937748,-16.043554
2267,27.937748,-16.043554
2268,27.937748,-16.043554
2269,27.937748,-16.043554
2270,27.937748,-16.043554
2271,27.937748,-16.043554
2272,27.937748,-16.043554
2273,27.937748,-16.043554
2274,27.937748,-16.043554
2275,27.937748,-16.043554
2276,27.937748,-16.043554
2277,27.937748,-16.043554
2278,27.937748,-16.043554
2279,27.937748,-16.043554
2280,27.937748,-16.043554
